PROFILE_ID,USER_ID,PROFILE_AGE,PROFILE_NAME,PROFILE_CODE,NON_INDEXED
1,1,19,"PROFILE1","PCODE1","NON1"
2,2,20,"PROFILE2","PCODE2","NON2"
3,3,21,"PROFILE3","PCODE3","NON3"
4,4,22,"PROFILE4","PCODE4","NON4"
5,5,23,"PROFILE5","PCODE5","NON5"
6,6,24,"PROFILE6","PCODE6","NON6"
7,7,25,"PROFILE7","PCODE7","NON7"
8,8,26,"PROFILE8","PCODE8","NON8"
9,9,27,"PROFILE9","PCODE9","NON9"
10,10,28,"PROFILE10","PCODE10","NON10"
11,11,29,"PROFILE11","PCODE11","NON11"
12,12,30,"PROFILE12","PCODE12","NON12"
13,13,31,"PROFILE13","PCODE13","NON13"
14,14,32,"PROFILE14","PCODE14","NON14"
15,15,33,"PROFILE15","PCODE15","NON15"
16,16,34,"PROFILE16","PCODE16","NON16"
17,17,35,"PROFILE17","PCODE17","NON17"
18,18,36,"PROFILE18","PCODE18","NON18"
19,19,37,"PROFILE19","PCODE19","NON19"
20,20,38,"PROFILE20","PCODE20","NON20"
21,21,39,"PROFILE21","PCODE21","NON21"
22,22,40,"PROFILE22","PCODE22","NON22"
23,23,41,"PROFILE23","PCODE23","NON23"
24,24,42,"PROFILE24","PCODE24","NON24"
25,25,43,"PROFILE25","PCODE25","NON25"
26,26,44,"PROFILE26","PCODE26","NON26"
27,27,45,"PROFILE27","PCODE27","NON27"
28,28,46,"PROFILE28","PCODE28","NON28"
29,29,47,"PROFILE29","PCODE29","NON29"
30,30,48,"PROFILE30","PCODE30","NON30"
31,31,49,"PROFILE31","PCODE31","NON31"
32,32,50,"PROFILE32","PCODE32","NON32"
33,33,51,"PROFILE33","PCODE33","NON33"
34,34,52,"PROFILE34","PCODE34","NON34"
35,35,53,"PROFILE35","PCODE35","NON35"
36,36,54,"PROFILE36","PCODE36","NON36"
37,37,55,"PROFILE37","PCODE37","NON37"
38,38,56,"PROFILE38","PCODE38","NON38"
39,39,57,"PROFILE39","PCODE39","NON39"
40,40,58,"PROFILE40","PCODE40","NON40"
41,41,59,"PROFILE41","PCODE41","NON41"
42,42,60,"PROFILE42","PCODE42","NON42"
43,43,61,"PROFILE43","PCODE43","NON43"
44,44,62,"PROFILE44","PCODE44","NON44"
45,45,63,"PROFILE45","PCODE45","NON45"
46,46,64,"PROFILE46","PCODE46","NON46"
47,47,65,"PROFILE47","PCODE47","NON47"
48,48,66,"PROFILE48","PCODE48","NON48"
49,49,67,"PROFILE49","PCODE49","NON49"
50,50,68,"PROFILE50","PCODE50","NON50"
51,51,69,"PROFILE51","PCODE51","NON51"
52,52,70,"PROFILE52","PCODE52","NON52"
53,53,71,"PROFILE53","PCODE53","NON53"
54,54,72,"PROFILE54","PCODE54","NON54"
55,55,73,"PROFILE55","PCODE55","NON55"
56,56,74,"PROFILE56","PCODE56","NON56"
57,57,75,"PROFILE57","PCODE57","NON57"
58,58,76,"PROFILE58","PCODE58","NON58"
59,59,77,"PROFILE59","PCODE59","NON59"
60,60,78,"PROFILE60","PCODE60","NON60"
61,61,79,"PROFILE61","PCODE61","NON61"
62,62,80,"PROFILE62","PCODE62","NON62"
63,63,81,"PROFILE63","PCODE63","NON63"
64,64,82,"PROFILE64","PCODE64","NON64"
65,65,83,"PROFILE65","PCODE65","NON65"
66,66,84,"PROFILE66","PCODE66","NON66"
67,67,85,"PROFILE67","PCODE67","NON67"
68,68,86,"PROFILE68","PCODE68","NON68"
69,69,87,"PROFILE69","PCODE69","NON69"
70,70,88,"PROFILE70","PCODE70","NON70"
71,71,89,"PROFILE71","PCODE71","NON71"
72,72,90,"PROFILE72","PCODE72","NON72"
73,73,91,"PROFILE73","PCODE73","NON73"
74,74,92,"PROFILE74","PCODE74","NON74"
75,75,93,"PROFILE75","PCODE75","NON75"
76,76,94,"PROFILE76","PCODE76","NON76"
77,77,95,"PROFILE77","PCODE77","NON77"
78,78,96,"PROFILE78","PCODE78","NON78"
79,79,97,"PROFILE79","PCODE79","NON79"
80,80,98,"PROFILE80","PCODE80","NON80"
81,81,99,"PROFILE81","PCODE81","NON81"
82,82,18,"PROFILE82","PCODE82","NON82"
83,83,19,"PROFILE83","PCODE83","NON83"
84,84,20,"PROFILE84","PCODE84","NON84"
85,85,21,"PROFILE85","PCODE85","NON85"
86,86,22,"PROFILE86","PCODE86","NON86"
87,87,23,"PROFILE87","PCODE87","NON87"
88,88,24,"PROFILE88","PCODE88","NON88"
89,89,25,"PROFILE89","PCODE89","NON89"
90,90,26,"PROFILE90","PCODE90","NON90"
91,91,27,"PROFILE91","PCODE91","NON91"
92,92,28,"PROFILE92","PCODE92","NON92"
93,93,29,"PROFILE93","PCODE93","NON93"
94,94,30,"PROFILE94","PCODE94","NON94"
95,95,31,"PROFILE95","PCODE95","NON95"
96,96,32,"PROFILE96","PCODE96","NON96"
97,97,33,"PROFILE97","PCODE97","NON97"
98,98,34,"PROFILE98","PCODE98","NON98"
99,99,35,"PROFILE99","PCODE99","NON99"
100,100,36,"PROFILE100","PCODE100","NON100"
