TRANS_ID,USER_ID,TRANS_DATE,AMOUNT
1,1,2026-09-01,51.00
2,2,2026-08-31,52.00
3,3,2026-08-30,53.00
4,4,2026-08-29,54.00
5,5,2026-08-28,55.00
6,6,2026-08-27,56.00
7,7,2026-08-26,57.00
8,8,2026-08-25,58.00
9,9,2026-08-24,59.00
10,10,2026-08-23,60.00
11,11,2026-08-22,61.00
12,12,2026-08-21,62.00
13,13,2026-08-20,63.00
14,14,2026-08-19,64.00
15,15,2026-08-18,65.00
16,16,2026-08-17,66.00
17,17,2026-08-16,67.00
18,18,2026-08-15,68.00
19,19,2026-08-14,69.00
20,20,2026-08-13,70.00
21,21,2026-08-12,71.00
22,22,2026-08-11,72.00
23,23,2026-08-10,73.00
24,24,2026-08-09,74.00
25,25,2026-08-08,75.00
26,26,2026-08-07,76.00
27,27,2026-08-06,77.00
28,28,2026-08-05,78.00
29,29,2026-08-04,79.00
30,30,2026-08-03,80.00
31,31,2026-08-02,81.00
32,32,2026-08-01,82.00
33,33,2026-07-31,83.00
34,34,2026-07-30,84.00
35,35,2026-07-29,85.00
36,36,2026-07-28,86.00
37,37,2026-07-27,87.00
38,38,2026-07-26,88.00
39,39,2026-07-25,89.00
40,40,2026-07-24,90.00
41,41,2026-07-23,91.00
42,42,2026-07-22,92.00
43,43,2026-07-21,93.00
44,44,2026-07-20,94.00
45,45,2026-07-19,95.00
46,46,2026-07-18,96.00
47,47,2026-07-17,97.00
48,48,2026-07-16,98.00
49,49,2026-07-15,99.00
50,50,2026-07-14,100.00
51,51,2026-07-13,101.00
52,52,2026-07-12,102.00
53,53,2026-07-11,103.00
54,54,2026-07-10,104.00
55,55,2026-07-09,105.00
56,56,2026-07-08,106.00
57,57,2026-07-07,107.00
58,58,2026-07-06,108.00
59,59,2026-07-05,109.00
60,60,2026-07-04,110.00
61,61,2026-07-03,111.00
62,62,2026-07-02,112.00
63,63,2026-07-01,113.00
64,64,2026-06-30,114.00
65,65,2026-06-29,115.00
66,66,2026-06-28,116.00
67,67,2026-06-27,117.00
68,68,2026-06-26,118.00
69,69,2026-06-25,119.00
70,70,2026-06-24,120.00
71,71,2026-06-23,121.00
72,72,2026-06-22,122.00
73,73,2026-06-21,123.00
74,74,2026-06-20,124.00
75,75,2026-06-19,125.00
76,76,2026-06-18,126.00
77,77,2026-06-17,127.00
78,78,2026-06-16,128.00
79,79,2026-06-15,129.00
80,80,2026-06-14,130.00
81,81,2026-06-13,131.00
82,82,2026-06-12,132.00
83,83,2026-06-11,133.00
84,84,2026-06-10,134.00
85,85,2026-06-09,135.00
86,86,2026-06-08,136.00
87,87,2026-06-07,137.00
88,88,2026-06-06,138.00
89,89,2026-06-05,139.00
90,90,2026-06-04,140.00
91,91,2026-06-03,141.00
92,92,2026-06-02,142.00
93,93,2026-06-01,143.00
94,94,2026-05-31,144.00
95,95,2026-05-30,145.00
96,96,2026-05-29,146.00
97,97,2026-05-28,147.00
98,98,2026-05-27,148.00
99,99,2026-05-26,149.00
100,100,2026-05-25,150.00
101,101,2026-05-24,151.00
102,102,2026-05-23,152.00
103,103,2026-05-22,153.00
104,104,2026-05-21,154.00
105,105,2026-05-20,155.00
106,106,2026-05-19,156.00
107,107,2026-05-18,157.00
108,108,2026-05-17,158.00
109,109,2026-05-16,159.00
110,110,2026-05-15,160.00
111,111,2026-05-14,161.00
112,112,2026-05-13,162.00
113,113,2026-05-12,163.00
114,114,2026-05-11,164.00
115,115,2026-05-10,165.00
116,116,2026-05-09,166.00
117,117,2026-05-08,167.00
118,118,2026-05-07,168.00
119,119,2026-05-06,169.00
120,120,2026-05-05,170.00
121,121,2026-05-04,171.00
122,122,2026-05-03,172.00
123,123,2026-05-02,173.00
124,124,2026-05-01,174.00
125,125,2026-04-30,175.00
126,126,2026-04-29,176.00
127,127,2026-04-28,177.00
128,128,2026-04-27,178.00
129,129,2026-04-26,179.00
130,130,2026-04-25,180.00
131,131,2026-04-24,181.00
132,132,2026-04-23,182.00
133,133,2026-04-22,183.00
134,134,2026-04-21,184.00
135,135,2026-04-20,185.00
136,136,2026-04-19,186.00
137,137,2026-04-18,187.00
138,138,2026-04-17,188.00
139,139,2026-04-16,189.00
140,140,2026-04-15,190.00
141,141,2026-04-14,191.00
142,142,2026-04-13,192.00
143,143,2026-04-12,193.00
144,144,2026-04-11,194.00
145,145,2026-04-10,195.00
146,146,2026-04-09,196.00
147,147,2026-04-08,197.00
148,148,2026-04-07,198.00
149,149,2026-04-06,199.00
150,150,2026-04-05,200.00
151,151,2026-04-04,201.00
152,152,2026-04-03,202.00
153,153,2026-04-02,203.00
154,154,2026-04-01,204.00
155,155,2026-03-31,205.00
156,156,2026-03-30,206.00
157,157,2026-03-29,207.00
158,158,2026-03-28,208.00
159,159,2026-03-27,209.00
160,160,2026-03-26,210.00
161,161,2026-03-25,211.00
162,162,2026-03-24,212.00
163,163,2026-03-23,213.00
164,164,2026-03-22,214.00
165,165,2026-03-21,215.00
166,166,2026-03-20,216.00
167,167,2026-03-19,217.00
168,168,2026-03-18,218.00
169,169,2026-03-17,219.00
170,170,2026-03-16,220.00
171,171,2026-03-15,221.00
172,172,2026-03-14,222.00
173,173,2026-03-13,223.00
174,174,2026-03-12,224.00
175,175,2026-03-11,225.00
176,176,2026-03-10,226.00
177,177,2026-03-09,227.00
178,178,2026-03-08,228.00
179,179,2026-03-07,229.00
180,180,2026-03-06,230.00
181,181,2026-03-05,231.00
182,182,2026-03-04,232.00
183,183,2026-03-03,233.00
184,184,2026-03-02,234.00
185,185,2026-03-01,235.00
186,186,2026-02-28,236.00
187,187,2026-02-27,237.00
188,188,2026-02-26,238.00
189,189,2026-02-25,239.00
190,190,2026-02-24,240.00
191,191,2026-02-23,241.00
192,192,2026-02-22,242.00
193,193,2026-02-21,243.00
194,194,2026-02-20,244.00
195,195,2026-02-19,245.00
196,196,2026-02-18,246.00
197,197,2026-02-17,247.00
198,198,2026-02-16,248.00
199,199,2026-02-15,249.00
200,200,2026-02-14,250.00
201,201,2026-02-13,251.00
202,202,2026-02-12,252.00
203,203,2026-02-11,253.00
204,204,2026-02-10,254.00
205,205,2026-02-09,255.00
206,206,2026-02-08,256.00
207,207,2026-02-07,257.00
208,208,2026-02-06,258.00
209,209,2026-02-05,259.00
210,210,2026-02-04,260.00
211,211,2026-02-03,261.00
212,212,2026-02-02,262.00
213,213,2026-02-01,263.00
214,214,2026-01-31,264.00
215,215,2026-01-30,265.00
216,216,2026-01-29,266.00
217,217,2026-01-28,267.00
218,218,2026-01-27,268.00
219,219,2026-01-26,269.00
220,220,2026-01-25,270.00
221,221,2026-01-24,271.00
222,222,2026-01-23,272.00
223,223,2026-01-22,273.00
224,224,2026-01-21,274.00
225,225,2026-01-20,275.00
226,226,2026-01-19,276.00
227,227,2026-01-18,277.00
228,228,2026-01-17,278.00
229,229,2026-01-16,279.00
230,230,2026-01-15,280.00
231,231,2026-01-14,281.00
232,232,2026-01-13,282.00
233,233,2026-01-12,283.00
234,234,2026-01-11,284.00
235,235,2026-01-10,285.00
236,236,2026-01-09,286.00
237,237,2026-01-08,287.00
238,238,2026-01-07,288.00
239,239,2026-01-06,289.00
240,240,2026-01-05,290.00
241,241,2026-01-04,291.00
242,242,2026-01-03,292.00
243,243,2026-01-02,293.00
244,244,2026-01-01,294.00
245,245,2025-12-31,295.00
246,246,2025-12-30,296.00
247,247,2025-12-29,297.00
248,248,2025-12-28,298.00
249,249,2025-12-27,299.00
250,250,2025-12-26,300.00
251,251,2025-12-25,301.00
252,252,2025-12-24,302.00
253,253,2025-12-23,303.00
254,254,2025-12-22,304.00
255,255,2025-12-21,305.00
256,256,2025-12-20,306.00
257,257,2025-12-19,307.00
258,258,2025-12-18,308.00
259,259,2025-12-17,309.00
260,260,2025-12-16,310.00
261,261,2025-12-15,311.00
262,262,2025-12-14,312.00
263,263,2025-12-13,313.00
264,264,2025-12-12,314.00
265,265,2025-12-11,315.00
266,266,2025-12-10,316.00
267,267,2025-12-09,317.00
268,268,2025-12-08,318.00
269,269,2025-12-07,319.00
270,270,2025-12-06,320.00
271,271,2025-12-05,321.00
272,272,2025-12-04,322.00
273,273,2025-12-03,323.00
274,274,2025-12-02,324.00
275,275,2025-12-01,325.00
276,276,2025-11-30,326.00
277,277,2025-11-29,327.00
278,278,2025-11-28,328.00
279,279,2025-11-27,329.00
280,280,2025-11-26,330.00
281,281,2025-11-25,331.00
282,282,2025-11-24,332.00
283,283,2025-11-23,333.00
284,284,2025-11-22,334.00
285,285,2025-11-21,335.00
286,286,2025-11-20,336.00
287,287,2025-11-19,337.00
288,288,2025-11-18,338.00
289,289,2025-11-17,339.00
290,290,2025-11-16,340.00
291,291,2025-11-15,341.00
292,292,2025-11-14,342.00
293,293,2025-11-13,343.00
294,294,2025-11-12,344.00
295,295,2025-11-11,345.00
296,296,2025-11-10,346.00
297,297,2025-11-09,347.00
298,298,2025-11-08,348.00
299,299,2025-11-07,349.00
300,300,2025-11-06,350.00
301,301,2025-11-05,351.00
302,302,2025-11-04,352.00
303,303,2025-11-03,353.00
304,304,2025-11-02,354.00
305,305,2025-11-01,355.00
306,306,2025-10-31,356.00
307,307,2025-10-30,357.00
308,308,2025-10-29,358.00
309,309,2025-10-28,359.00
310,310,2025-10-27,360.00
311,311,2025-10-26,361.00
312,312,2025-10-25,362.00
313,313,2025-10-24,363.00
314,314,2025-10-23,364.00
315,315,2025-10-22,365.00
316,316,2025-10-21,366.00
317,317,2025-10-20,367.00
318,318,2025-10-19,368.00
319,319,2025-10-18,369.00
320,320,2025-10-17,370.00
321,321,2025-10-16,371.00
322,322,2025-10-15,372.00
323,323,2025-10-14,373.00
324,324,2025-10-13,374.00
325,325,2025-10-12,375.00
326,326,2025-10-11,376.00
327,327,2025-10-10,377.00
328,328,2025-10-09,378.00
329,329,2025-10-08,379.00
330,330,2025-10-07,380.00
331,331,2025-10-06,381.00
332,332,2025-10-05,382.00
333,333,2025-10-04,383.00
334,334,2025-10-03,384.00
335,335,2025-10-02,385.00
336,336,2025-10-01,386.00
337,337,2025-09-30,387.00
338,338,2025-09-29,388.00
339,339,2025-09-28,389.00
340,340,2025-09-27,390.00
341,341,2025-09-26,391.00
342,342,2025-09-25,392.00
343,343,2025-09-24,393.00
344,344,2025-09-23,394.00
345,345,2025-09-22,395.00
346,346,2025-09-21,396.00
347,347,2025-09-20,397.00
348,348,2025-09-19,398.00
349,349,2025-09-18,399.00
350,350,2025-09-17,400.00
351,351,2025-09-16,401.00
352,352,2025-09-15,402.00
353,353,2025-09-14,403.00
354,354,2025-09-13,404.00
355,355,2025-09-12,405.00
356,356,2025-09-11,406.00
357,357,2025-09-10,407.00
358,358,2025-09-09,408.00
359,359,2025-09-08,409.00
360,360,2025-09-07,410.00
361,361,2025-09-06,411.00
362,362,2025-09-05,412.00
363,363,2025-09-04,413.00
364,364,2025-09-03,414.00
365,365,2025-09-02,415.00
366,366,2025-09-01,416.00
367,367,2025-08-31,417.00
368,368,2025-08-30,418.00
369,369,2025-08-29,419.00
370,370,2025-08-28,420.00
371,371,2025-08-27,421.00
372,372,2025-08-26,422.00
373,373,2025-08-25,423.00
374,374,2025-08-24,424.00
375,375,2025-08-23,425.00
376,376,2025-08-22,426.00
377,377,2025-08-21,427.00
378,378,2025-08-20,428.00
379,379,2025-08-19,429.00
380,380,2025-08-18,430.00
381,381,2025-08-17,431.00
382,382,2025-08-16,432.00
383,383,2025-08-15,433.00
384,384,2025-08-14,434.00
385,385,2025-08-13,435.00
386,386,2025-08-12,436.00
387,387,2025-08-11,437.00
388,388,2025-08-10,438.00
389,389,2025-08-09,439.00
390,390,2025-08-08,440.00
391,391,2025-08-07,441.00
392,392,2025-08-06,442.00
393,393,2025-08-05,443.00
394,394,2025-08-04,444.00
395,395,2025-08-03,445.00
396,396,2025-08-02,446.00
397,397,2025-08-01,447.00
398,398,2025-07-31,448.00
399,399,2025-07-30,449.00
400,400,2025-07-29,450.00
401,401,2025-07-28,451.00
402,402,2025-07-27,452.00
403,403,2025-07-26,453.00
404,404,2025-07-25,454.00
405,405,2025-07-24,455.00
406,406,2025-07-23,456.00
407,407,2025-07-22,457.00
408,408,2025-07-21,458.00
409,409,2025-07-20,459.00
410,410,2025-07-19,460.00
411,411,2025-07-18,461.00
412,412,2025-07-17,462.00
413,413,2025-07-16,463.00
414,414,2025-07-15,464.00
415,415,2025-07-14,465.00
416,416,2025-07-13,466.00
417,417,2025-07-12,467.00
418,418,2025-07-11,468.00
419,419,2025-07-10,469.00
420,420,2025-07-09,470.00
421,421,2025-07-08,471.00
422,422,2025-07-07,472.00
423,423,2025-07-06,473.00
424,424,2025-07-05,474.00
425,425,2025-07-04,475.00
426,426,2025-07-03,476.00
427,427,2025-07-02,477.00
428,428,2025-07-01,478.00
429,429,2025-06-30,479.00
430,430,2025-06-29,480.00
431,431,2025-06-28,481.00
432,432,2025-06-27,482.00
433,433,2025-06-26,483.00
434,434,2025-06-25,484.00
435,435,2025-06-24,485.00
436,436,2025-06-23,486.00
437,437,2025-06-22,487.00
438,438,2025-06-21,488.00
439,439,2025-06-20,489.00
440,440,2025-06-19,490.00
441,441,2025-06-18,491.00
442,442,2025-06-17,492.00
443,443,2025-06-16,493.00
444,444,2025-06-15,494.00
445,445,2025-06-14,495.00
446,446,2025-06-13,496.00
447,447,2025-06-12,497.00
448,448,2025-06-11,498.00
449,449,2025-06-10,499.00
450,450,2025-06-09,500.00
451,451,2025-06-08,501.00
452,452,2025-06-07,502.00
453,453,2025-06-06,503.00
454,454,2025-06-05,504.00
455,455,2025-06-04,505.00
456,456,2025-06-03,506.00
457,457,2025-06-02,507.00
458,458,2025-06-01,508.00
459,459,2025-05-31,509.00
460,460,2025-05-30,510.00
461,461,2025-05-29,511.00
462,462,2025-05-28,512.00
463,463,2025-05-27,513.00
464,464,2025-05-26,514.00
465,465,2025-05-25,515.00
466,466,2025-05-24,516.00
467,467,2025-05-23,517.00
468,468,2025-05-22,518.00
469,469,2025-05-21,519.00
470,470,2025-05-20,520.00
471,471,2025-05-19,521.00
472,472,2025-05-18,522.00
473,473,2025-05-17,523.00
474,474,2025-05-16,524.00
475,475,2025-05-15,525.00
476,476,2025-05-14,526.00
477,477,2025-05-13,527.00
478,478,2025-05-12,528.00
479,479,2025-05-11,529.00
480,480,2025-05-10,530.00
481,481,2025-05-09,531.00
482,482,2025-05-08,532.00
483,483,2025-05-07,533.00
484,484,2025-05-06,534.00
485,485,2025-05-05,535.00
486,486,2025-05-04,536.00
487,487,2025-05-03,537.00
488,488,2025-05-02,538.00
489,489,2025-05-01,539.00
490,490,2025-04-30,540.00
491,491,2025-04-29,541.00
492,492,2025-04-28,542.00
493,493,2025-04-27,543.00
494,494,2025-04-26,544.00
495,495,2025-04-25,545.00
496,496,2025-04-24,546.00
497,497,2025-04-23,547.00
498,498,2025-04-22,548.00
499,499,2025-04-21,549.00
500,500,2025-04-20,50.00
501,501,2025-04-19,51.00
502,502,2025-04-18,52.00
503,503,2025-04-17,53.00
504,504,2025-04-16,54.00
505,505,2025-04-15,55.00
506,506,2025-04-14,56.00
507,507,2025-04-13,57.00
508,508,2025-04-12,58.00
509,509,2025-04-11,59.00
510,510,2025-04-10,60.00
511,511,2025-04-09,61.00
512,512,2025-04-08,62.00
513,513,2025-04-07,63.00
514,514,2025-04-06,64.00
515,515,2025-04-05,65.00
516,516,2025-04-04,66.00
517,517,2025-04-03,67.00
518,518,2025-04-02,68.00
519,519,2025-04-01,69.00
520,520,2025-03-31,70.00
521,521,2025-03-30,71.00
522,522,2025-03-29,72.00
523,523,2025-03-28,73.00
524,524,2025-03-27,74.00
525,525,2025-03-26,75.00
526,526,2025-03-25,76.00
527,527,2025-03-24,77.00
528,528,2025-03-23,78.00
529,529,2025-03-22,79.00
530,530,2025-03-21,80.00
531,531,2025-03-20,81.00
532,532,2025-03-19,82.00
533,533,2025-03-18,83.00
534,534,2025-03-17,84.00
535,535,2025-03-16,85.00
536,536,2025-03-15,86.00
537,537,2025-03-14,87.00
538,538,2025-03-13,88.00
539,539,2025-03-12,89.00
540,540,2025-03-11,90.00
541,541,2025-03-10,91.00
542,542,2025-03-09,92.00
543,543,2025-03-08,93.00
544,544,2025-03-07,94.00
545,545,2025-03-06,95.00
546,546,2025-03-05,96.00
547,547,2025-03-04,97.00
548,548,2025-03-03,98.00
549,549,2025-03-02,99.00
550,550,2025-03-01,100.00
551,551,2025-02-28,101.00
552,552,2025-02-27,102.00
553,553,2025-02-26,103.00
554,554,2025-02-25,104.00
555,555,2025-02-24,105.00
556,556,2025-02-23,106.00
557,557,2025-02-22,107.00
558,558,2025-02-21,108.00
559,559,2025-02-20,109.00
560,560,2025-02-19,110.00
561,561,2025-02-18,111.00
562,562,2025-02-17,112.00
563,563,2025-02-16,113.00
564,564,2025-02-15,114.00
565,565,2025-02-14,115.00
566,566,2025-02-13,116.00
567,567,2025-02-12,117.00
568,568,2025-02-11,118.00
569,569,2025-02-10,119.00
570,570,2025-02-09,120.00
571,571,2025-02-08,121.00
572,572,2025-02-07,122.00
573,573,2025-02-06,123.00
574,574,2025-02-05,124.00
575,575,2025-02-04,125.00
576,576,2025-02-03,126.00
577,577,2025-02-02,127.00
578,578,2025-02-01,128.00
579,579,2025-01-31,129.00
580,580,2025-01-30,130.00
581,581,2025-01-29,131.00
582,582,2025-01-28,132.00
583,583,2025-01-27,133.00
584,584,2025-01-26,134.00
585,585,2025-01-25,135.00
586,586,2025-01-24,136.00
587,587,2025-01-23,137.00
588,588,2025-01-22,138.00
589,589,2025-01-21,139.00
590,590,2025-01-20,140.00
591,591,2025-01-19,141.00
592,592,2025-01-18,142.00
593,593,2025-01-17,143.00
594,594,2025-01-16,144.00
595,595,2025-01-15,145.00
596,596,2025-01-14,146.00
597,597,2025-01-13,147.00
598,598,2025-01-12,148.00
599,599,2025-01-11,149.00
600,600,2025-01-10,150.00
