DETAIL_ID,USER_ID,USER_CODE,NAME,AGE,INFO,BALANCE
1,1,"CODE1","User1",19,"Info1",101.00
2,2,"CODE2","User2",20,"Info2",102.00
3,3,"CODE3","User3",21,"Info3",103.00
4,4,"CODE4","User4",22,"Info4",104.00
5,5,"CODE5","User5",23,"Info5",105.00
6,6,"CODE6","User6",24,"Info6",106.00
7,7,"CODE7","User7",25,"Info7",107.00
8,8,"CODE8","User8",26,"Info8",108.00
9,9,"CODE9","User9",27,"Info9",109.00
10,10,"CODE10","User10",28,"Info10",110.00
11,11,"CODE11","User11",29,"Info11",111.00
12,12,"CODE12","User12",30,"Info12",112.00
13,13,"CODE13","User13",31,"Info13",113.00
14,14,"CODE14","User14",32,"Info14",114.00
15,15,"CODE15","User15",33,"Info15",115.00
16,16,"CODE16","User16",34,"Info16",116.00
17,17,"CODE17","User17",35,"Info17",117.00
18,18,"CODE18","User18",36,"Info18",118.00
19,19,"CODE19","User19",37,"Info19",119.00
20,20,"CODE20","User20",38,"Info20",120.00
21,21,"CODE21","User21",39,"Info21",121.00
22,22,"CODE22","User22",40,"Info22",122.00
23,23,"CODE23","User23",41,"Info23",123.00
24,24,"CODE24","User24",42,"Info24",124.00
25,25,"CODE25","User25",43,"Info25",125.00
26,26,"CODE26","User26",44,"Info26",126.00
27,27,"CODE27","User27",45,"Info27",127.00
28,28,"CODE28","User28",46,"Info28",128.00
29,29,"CODE29","User29",47,"Info29",129.00
30,30,"CODE30","User30",48,"Info30",130.00
31,31,"CODE31","User31",49,"Info31",131.00
32,32,"CODE32","User32",50,"Info32",132.00
33,33,"CODE33","User33",51,"Info33",133.00
34,34,"CODE34","User34",52,"Info34",134.00
35,35,"CODE35","User35",53,"Info35",135.00
36,36,"CODE36","User36",54,"Info36",136.00
37,37,"CODE37","User37",55,"Info37",137.00
38,38,"CODE38","User38",56,"Info38",138.00
39,39,"CODE39","User39",57,"Info39",139.00
40,40,"CODE40","User40",58,"Info40",140.00
41,41,"CODE41","User41",59,"Info41",141.00
42,42,"CODE42","User42",60,"Info42",142.00
43,43,"CODE43","User43",61,"Info43",143.00
44,44,"CODE44","User44",62,"Info44",144.00
45,45,"CODE45","User45",63,"Info45",145.00
46,46,"CODE46","User46",64,"Info46",146.00
47,47,"CODE47","User47",65,"Info47",147.00
48,48,"CODE48","User48",66,"Info48",148.00
49,49,"CODE49","User49",67,"Info49",149.00
50,50,"CODE50","User50",68,"Info50",150.00
51,51,"CODE51","User51",69,"Info51",151.00
52,52,"CODE52","User52",70,"Info52",152.00
53,53,"CODE53","User53",71,"Info53",153.00
54,54,"CODE54","User54",72,"Info54",154.00
55,55,"CODE55","User55",73,"Info55",155.00
56,56,"CODE56","User56",74,"Info56",156.00
57,57,"CODE57","User57",75,"Info57",157.00
58,58,"CODE58","User58",76,"Info58",158.00
59,59,"CODE59","User59",77,"Info59",159.00
60,60,"CODE60","User60",78,"Info60",160.00
61,61,"CODE61","User61",79,"Info61",161.00
62,62,"CODE62","User62",80,"Info62",162.00
63,63,"CODE63","User63",81,"Info63",163.00
64,64,"CODE64","User64",82,"Info64",164.00
65,65,"CODE65","User65",83,"Info65",165.00
66,66,"CODE66","User66",84,"Info66",166.00
67,67,"CODE67","User67",85,"Info67",167.00
68,68,"CODE68","User68",86,"Info68",168.00
69,69,"CODE69","User69",87,"Info69",169.00
70,70,"CODE70","User70",88,"Info70",170.00
71,71,"CODE71","User71",89,"Info71",171.00
72,72,"CODE72","User72",90,"Info72",172.00
73,73,"CODE73","User73",91,"Info73",173.00
74,74,"CODE74","User74",92,"Info74",174.00
75,75,"CODE75","User75",93,"Info75",175.00
76,76,"CODE76","User76",94,"Info76",176.00
77,77,"CODE77","User77",95,"Info77",177.00
78,78,"CODE78","User78",96,"Info78",178.00
79,79,"CODE79","User79",97,"Info79",179.00
80,80,"CODE80","User80",98,"Info80",180.00
81,81,"CODE81","User81",99,"Info81",181.00
82,82,"CODE82","User82",18,"Info82",182.00
83,83,"CODE83","User83",19,"Info83",183.00
84,84,"CODE84","User84",20,"Info84",184.00
85,85,"CODE85","User85",21,"Info85",185.00
86,86,"CODE86","User86",22,"Info86",186.00
87,87,"CODE87","User87",23,"Info87",187.00
88,88,"CODE88","User88",24,"Info88",188.00
89,89,"CODE89","User89",25,"Info89",189.00
90,90,"CODE90","User90",26,"Info90",190.00
91,91,"CODE91","User91",27,"Info91",191.00
92,92,"CODE92","User92",28,"Info92",192.00
93,93,"CODE93","User93",29,"Info93",193.00
94,94,"CODE94","User94",30,"Info94",194.00
95,95,"CODE95","User95",31,"Info95",195.00
96,96,"CODE96","User96",32,"Info96",196.00
97,97,"CODE97","User97",33,"Info97",197.00
98,98,"CODE98","User98",34,"Info98",198.00
99,99,"CODE99","User99",35,"Info99",199.00
100,100,"CODE100","User100",36,"Info100",200.00
101,101,"CODE101","User101",37,"Info101",201.00
102,102,"CODE102","User102",38,"Info102",202.00
103,103,"CODE103","User103",39,"Info103",203.00
104,104,"CODE104","User104",40,"Info104",204.00
105,105,"CODE105","User105",41,"Info105",205.00
106,106,"CODE106","User106",42,"Info106",206.00
107,107,"CODE107","User107",43,"Info107",207.00
108,108,"CODE108","User108",44,"Info108",208.00
109,109,"CODE109","User109",45,"Info109",209.00
110,110,"CODE110","User110",46,"Info110",210.00
111,111,"CODE111","User111",47,"Info111",211.00
112,112,"CODE112","User112",48,"Info112",212.00
113,113,"CODE113","User113",49,"Info113",213.00
114,114,"CODE114","User114",50,"Info114",214.00
115,115,"CODE115","User115",51,"Info115",215.00
116,116,"CODE116","User116",52,"Info116",216.00
117,117,"CODE117","User117",53,"Info117",217.00
118,118,"CODE118","User118",54,"Info118",218.00
119,119,"CODE119","User119",55,"Info119",219.00
120,120,"CODE120","User120",56,"Info120",220.00
121,121,"CODE121","User121",57,"Info121",221.00
122,122,"CODE122","User122",58,"Info122",222.00
123,123,"CODE123","User123",59,"Info123",223.00
124,124,"CODE124","User124",60,"Info124",224.00
125,125,"CODE125","User125",61,"Info125",225.00
126,126,"CODE126","User126",62,"Info126",226.00
127,127,"CODE127","User127",63,"Info127",227.00
128,128,"CODE128","User128",64,"Info128",228.00
129,129,"CODE129","User129",65,"Info129",229.00
130,130,"CODE130","User130",66,"Info130",230.00
131,131,"CODE131","User131",67,"Info131",231.00
132,132,"CODE132","User132",68,"Info132",232.00
133,133,"CODE133","User133",69,"Info133",233.00
134,134,"CODE134","User134",70,"Info134",234.00
135,135,"CODE135","User135",71,"Info135",235.00
136,136,"CODE136","User136",72,"Info136",236.00
137,137,"CODE137","User137",73,"Info137",237.00
138,138,"CODE138","User138",74,"Info138",238.00
139,139,"CODE139","User139",75,"Info139",239.00
140,140,"CODE140","User140",76,"Info140",240.00
141,141,"CODE141","User141",77,"Info141",241.00
142,142,"CODE142","User142",78,"Info142",242.00
143,143,"CODE143","User143",79,"Info143",243.00
144,144,"CODE144","User144",80,"Info144",244.00
145,145,"CODE145","User145",81,"Info145",245.00
146,146,"CODE146","User146",82,"Info146",246.00
147,147,"CODE147","User147",83,"Info147",247.00
148,148,"CODE148","User148",84,"Info148",248.00
149,149,"CODE149","User149",85,"Info149",249.00
150,150,"CODE150","User150",86,"Info150",250.00
151,151,"CODE151","User151",87,"Info151",251.00
152,152,"CODE152","User152",88,"Info152",252.00
153,153,"CODE153","User153",89,"Info153",253.00
154,154,"CODE154","User154",90,"Info154",254.00
155,155,"CODE155","User155",91,"Info155",255.00
156,156,"CODE156","User156",92,"Info156",256.00
157,157,"CODE157","User157",93,"Info157",257.00
158,158,"CODE158","User158",94,"Info158",258.00
159,159,"CODE159","User159",95,"Info159",259.00
160,160,"CODE160","User160",96,"Info160",260.00
161,161,"CODE161","User161",97,"Info161",261.00
162,162,"CODE162","User162",98,"Info162",262.00
163,163,"CODE163","User163",99,"Info163",263.00
164,164,"CODE164","User164",18,"Info164",264.00
165,165,"CODE165","User165",19,"Info165",265.00
166,166,"CODE166","User166",20,"Info166",266.00
167,167,"CODE167","User167",21,"Info167",267.00
168,168,"CODE168","User168",22,"Info168",268.00
169,169,"CODE169","User169",23,"Info169",269.00
170,170,"CODE170","User170",24,"Info170",270.00
171,171,"CODE171","User171",25,"Info171",271.00
172,172,"CODE172","User172",26,"Info172",272.00
173,173,"CODE173","User173",27,"Info173",273.00
174,174,"CODE174","User174",28,"Info174",274.00
175,175,"CODE175","User175",29,"Info175",275.00
176,176,"CODE176","User176",30,"Info176",276.00
177,177,"CODE177","User177",31,"Info177",277.00
178,178,"CODE178","User178",32,"Info178",278.00
179,179,"CODE179","User179",33,"Info179",279.00
180,180,"CODE180","User180",34,"Info180",280.00
181,181,"CODE181","User181",35,"Info181",281.00
182,182,"CODE182","User182",36,"Info182",282.00
183,183,"CODE183","User183",37,"Info183",283.00
184,184,"CODE184","User184",38,"Info184",284.00
185,185,"CODE185","User185",39,"Info185",285.00
186,186,"CODE186","User186",40,"Info186",286.00
187,187,"CODE187","User187",41,"Info187",287.00
188,188,"CODE188","User188",42,"Info188",288.00
189,189,"CODE189","User189",43,"Info189",289.00
190,190,"CODE190","User190",44,"Info190",290.00
191,191,"CODE191","User191",45,"Info191",291.00
192,192,"CODE192","User192",46,"Info192",292.00
193,193,"CODE193","User193",47,"Info193",293.00
194,194,"CODE194","User194",48,"Info194",294.00
195,195,"CODE195","User195",49,"Info195",295.00
196,196,"CODE196","User196",50,"Info196",296.00
197,197,"CODE197","User197",51,"Info197",297.00
198,198,"CODE198","User198",52,"Info198",298.00
199,199,"CODE199","User199",53,"Info199",299.00
200,200,"CODE200","User200",54,"Info200",300.00
201,201,"CODE201","User201",55,"Info201",301.00
202,202,"CODE202","User202",56,"Info202",302.00
203,203,"CODE203","User203",57,"Info203",303.00
204,204,"CODE204","User204",58,"Info204",304.00
205,205,"CODE205","User205",59,"Info205",305.00
206,206,"CODE206","User206",60,"Info206",306.00
207,207,"CODE207","User207",61,"Info207",307.00
208,208,"CODE208","User208",62,"Info208",308.00
209,209,"CODE209","User209",63,"Info209",309.00
210,210,"CODE210","User210",64,"Info210",310.00
211,211,"CODE211","User211",65,"Info211",311.00
212,212,"CODE212","User212",66,"Info212",312.00
213,213,"CODE213","User213",67,"Info213",313.00
214,214,"CODE214","User214",68,"Info214",314.00
215,215,"CODE215","User215",69,"Info215",315.00
216,216,"CODE216","User216",70,"Info216",316.00
217,217,"CODE217","User217",71,"Info217",317.00
218,218,"CODE218","User218",72,"Info218",318.00
219,219,"CODE219","User219",73,"Info219",319.00
220,220,"CODE220","User220",74,"Info220",320.00
221,221,"CODE221","User221",75,"Info221",321.00
222,222,"CODE222","User222",76,"Info222",322.00
223,223,"CODE223","User223",77,"Info223",323.00
224,224,"CODE224","User224",78,"Info224",324.00
225,225,"CODE225","User225",79,"Info225",325.00
226,226,"CODE226","User226",80,"Info226",326.00
227,227,"CODE227","User227",81,"Info227",327.00
228,228,"CODE228","User228",82,"Info228",328.00
229,229,"CODE229","User229",83,"Info229",329.00
230,230,"CODE230","User230",84,"Info230",330.00
231,231,"CODE231","User231",85,"Info231",331.00
232,232,"CODE232","User232",86,"Info232",332.00
233,233,"CODE233","User233",87,"Info233",333.00
234,234,"CODE234","User234",88,"Info234",334.00
235,235,"CODE235","User235",89,"Info235",335.00
236,236,"CODE236","User236",90,"Info236",336.00
237,237,"CODE237","User237",91,"Info237",337.00
238,238,"CODE238","User238",92,"Info238",338.00
239,239,"CODE239","User239",93,"Info239",339.00
240,240,"CODE240","User240",94,"Info240",340.00
241,241,"CODE241","User241",95,"Info241",341.00
242,242,"CODE242","User242",96,"Info242",342.00
243,243,"CODE243","User243",97,"Info243",343.00
244,244,"CODE244","User244",98,"Info244",344.00
245,245,"CODE245","User245",99,"Info245",345.00
246,246,"CODE246","User246",18,"Info246",346.00
247,247,"CODE247","User247",19,"Info247",347.00
248,248,"CODE248","User248",20,"Info248",348.00
249,249,"CODE249","User249",21,"Info249",349.00
250,250,"CODE250","User250",22,"Info250",350.00
251,251,"CODE251","User251",23,"Info251",351.00
252,252,"CODE252","User252",24,"Info252",352.00
253,253,"CODE253","User253",25,"Info253",353.00
254,254,"CODE254","User254",26,"Info254",354.00
255,255,"CODE255","User255",27,"Info255",355.00
256,256,"CODE256","User256",28,"Info256",356.00
257,257,"CODE257","User257",29,"Info257",357.00
258,258,"CODE258","User258",30,"Info258",358.00
259,259,"CODE259","User259",31,"Info259",359.00
260,260,"CODE260","User260",32,"Info260",360.00
261,261,"CODE261","User261",33,"Info261",361.00
262,262,"CODE262","User262",34,"Info262",362.00
263,263,"CODE263","User263",35,"Info263",363.00
264,264,"CODE264","User264",36,"Info264",364.00
265,265,"CODE265","User265",37,"Info265",365.00
266,266,"CODE266","User266",38,"Info266",366.00
267,267,"CODE267","User267",39,"Info267",367.00
268,268,"CODE268","User268",40,"Info268",368.00
269,269,"CODE269","User269",41,"Info269",369.00
270,270,"CODE270","User270",42,"Info270",370.00
271,271,"CODE271","User271",43,"Info271",371.00
272,272,"CODE272","User272",44,"Info272",372.00
273,273,"CODE273","User273",45,"Info273",373.00
274,274,"CODE274","User274",46,"Info274",374.00
275,275,"CODE275","User275",47,"Info275",375.00
276,276,"CODE276","User276",48,"Info276",376.00
277,277,"CODE277","User277",49,"Info277",377.00
278,278,"CODE278","User278",50,"Info278",378.00
279,279,"CODE279","User279",51,"Info279",379.00
280,280,"CODE280","User280",52,"Info280",380.00
281,281,"CODE281","User281",53,"Info281",381.00
282,282,"CODE282","User282",54,"Info282",382.00
283,283,"CODE283","User283",55,"Info283",383.00
284,284,"CODE284","User284",56,"Info284",384.00
285,285,"CODE285","User285",57,"Info285",385.00
286,286,"CODE286","User286",58,"Info286",386.00
287,287,"CODE287","User287",59,"Info287",387.00
288,288,"CODE288","User288",60,"Info288",388.00
289,289,"CODE289","User289",61,"Info289",389.00
290,290,"CODE290","User290",62,"Info290",390.00
291,291,"CODE291","User291",63,"Info291",391.00
292,292,"CODE292","User292",64,"Info292",392.00
293,293,"CODE293","User293",65,"Info293",393.00
294,294,"CODE294","User294",66,"Info294",394.00
295,295,"CODE295","User295",67,"Info295",395.00
296,296,"CODE296","User296",68,"Info296",396.00
297,297,"CODE297","User297",69,"Info297",397.00
298,298,"CODE298","User298",70,"Info298",398.00
299,299,"CODE299","User299",71,"Info299",399.00
300,300,"CODE300","User300",72,"Info300",400.00
301,301,"CODE301","User301",73,"Info301",401.00
302,302,"CODE302","User302",74,"Info302",402.00
303,303,"CODE303","User303",75,"Info303",403.00
304,304,"CODE304","User304",76,"Info304",404.00
305,305,"CODE305","User305",77,"Info305",405.00
306,306,"CODE306","User306",78,"Info306",406.00
307,307,"CODE307","User307",79,"Info307",407.00
308,308,"CODE308","User308",80,"Info308",408.00
309,309,"CODE309","User309",81,"Info309",409.00
310,310,"CODE310","User310",82,"Info310",410.00
311,311,"CODE311","User311",83,"Info311",411.00
312,312,"CODE312","User312",84,"Info312",412.00
313,313,"CODE313","User313",85,"Info313",413.00
314,314,"CODE314","User314",86,"Info314",414.00
315,315,"CODE315","User315",87,"Info315",415.00
316,316,"CODE316","User316",88,"Info316",416.00
317,317,"CODE317","User317",89,"Info317",417.00
318,318,"CODE318","User318",90,"Info318",418.00
319,319,"CODE319","User319",91,"Info319",419.00
320,320,"CODE320","User320",92,"Info320",420.00
321,321,"CODE321","User321",93,"Info321",421.00
322,322,"CODE322","User322",94,"Info322",422.00
323,323,"CODE323","User323",95,"Info323",423.00
324,324,"CODE324","User324",96,"Info324",424.00
325,325,"CODE325","User325",97,"Info325",425.00
326,326,"CODE326","User326",98,"Info326",426.00
327,327,"CODE327","User327",99,"Info327",427.00
328,328,"CODE328","User328",18,"Info328",428.00
329,329,"CODE329","User329",19,"Info329",429.00
330,330,"CODE330","User330",20,"Info330",430.00
331,331,"CODE331","User331",21,"Info331",431.00
332,332,"CODE332","User332",22,"Info332",432.00
333,333,"CODE333","User333",23,"Info333",433.00
334,334,"CODE334","User334",24,"Info334",434.00
335,335,"CODE335","User335",25,"Info335",435.00
336,336,"CODE336","User336",26,"Info336",436.00
337,337,"CODE337","User337",27,"Info337",437.00
338,338,"CODE338","User338",28,"Info338",438.00
339,339,"CODE339","User339",29,"Info339",439.00
340,340,"CODE340","User340",30,"Info340",440.00
341,341,"CODE341","User341",31,"Info341",441.00
342,342,"CODE342","User342",32,"Info342",442.00
343,343,"CODE343","User343",33,"Info343",443.00
344,344,"CODE344","User344",34,"Info344",444.00
345,345,"CODE345","User345",35,"Info345",445.00
346,346,"CODE346","User346",36,"Info346",446.00
347,347,"CODE347","User347",37,"Info347",447.00
348,348,"CODE348","User348",38,"Info348",448.00
349,349,"CODE349","User349",39,"Info349",449.00
350,350,"CODE350","User350",40,"Info350",450.00
351,351,"CODE351","User351",41,"Info351",451.00
352,352,"CODE352","User352",42,"Info352",452.00
353,353,"CODE353","User353",43,"Info353",453.00
354,354,"CODE354","User354",44,"Info354",454.00
355,355,"CODE355","User355",45,"Info355",455.00
356,356,"CODE356","User356",46,"Info356",456.00
357,357,"CODE357","User357",47,"Info357",457.00
358,358,"CODE358","User358",48,"Info358",458.00
359,359,"CODE359","User359",49,"Info359",459.00
360,360,"CODE360","User360",50,"Info360",460.00
361,361,"CODE361","User361",51,"Info361",461.00
362,362,"CODE362","User362",52,"Info362",462.00
363,363,"CODE363","User363",53,"Info363",463.00
364,364,"CODE364","User364",54,"Info364",464.00
365,365,"CODE365","User365",55,"Info365",465.00
366,366,"CODE366","User366",56,"Info366",466.00
367,367,"CODE367","User367",57,"Info367",467.00
368,368,"CODE368","User368",58,"Info368",468.00
369,369,"CODE369","User369",59,"Info369",469.00
370,370,"CODE370","User370",60,"Info370",470.00
371,371,"CODE371","User371",61,"Info371",471.00
372,372,"CODE372","User372",62,"Info372",472.00
373,373,"CODE373","User373",63,"Info373",473.00
374,374,"CODE374","User374",64,"Info374",474.00
375,375,"CODE375","User375",65,"Info375",475.00
376,376,"CODE376","User376",66,"Info376",476.00
377,377,"CODE377","User377",67,"Info377",477.00
378,378,"CODE378","User378",68,"Info378",478.00
379,379,"CODE379","User379",69,"Info379",479.00
380,380,"CODE380","User380",70,"Info380",480.00
381,381,"CODE381","User381",71,"Info381",481.00
382,382,"CODE382","User382",72,"Info382",482.00
383,383,"CODE383","User383",73,"Info383",483.00
384,384,"CODE384","User384",74,"Info384",484.00
385,385,"CODE385","User385",75,"Info385",485.00
386,386,"CODE386","User386",76,"Info386",486.00
387,387,"CODE387","User387",77,"Info387",487.00
388,388,"CODE388","User388",78,"Info388",488.00
389,389,"CODE389","User389",79,"Info389",489.00
390,390,"CODE390","User390",80,"Info390",490.00
391,391,"CODE391","User391",81,"Info391",491.00
392,392,"CODE392","User392",82,"Info392",492.00
393,393,"CODE393","User393",83,"Info393",493.00
394,394,"CODE394","User394",84,"Info394",494.00
395,395,"CODE395","User395",85,"Info395",495.00
396,396,"CODE396","User396",86,"Info396",496.00
397,397,"CODE397","User397",87,"Info397",497.00
398,398,"CODE398","User398",88,"Info398",498.00
399,399,"CODE399","User399",89,"Info399",499.00
400,400,"CODE400","User400",90,"Info400",500.00
401,401,"CODE401","User401",91,"Info401",501.00
402,402,"CODE402","User402",92,"Info402",502.00
403,403,"CODE403","User403",93,"Info403",503.00
404,404,"CODE404","User404",94,"Info404",504.00
405,405,"CODE405","User405",95,"Info405",505.00
406,406,"CODE406","User406",96,"Info406",506.00
407,407,"CODE407","User407",97,"Info407",507.00
408,408,"CODE408","User408",98,"Info408",508.00
409,409,"CODE409","User409",99,"Info409",509.00
410,410,"CODE410","User410",18,"Info410",510.00
411,411,"CODE411","User411",19,"Info411",511.00
412,412,"CODE412","User412",20,"Info412",512.00
413,413,"CODE413","User413",21,"Info413",513.00
414,414,"CODE414","User414",22,"Info414",514.00
415,415,"CODE415","User415",23,"Info415",515.00
416,416,"CODE416","User416",24,"Info416",516.00
417,417,"CODE417","User417",25,"Info417",517.00
418,418,"CODE418","User418",26,"Info418",518.00
419,419,"CODE419","User419",27,"Info419",519.00
420,420,"CODE420","User420",28,"Info420",520.00
421,421,"CODE421","User421",29,"Info421",521.00
422,422,"CODE422","User422",30,"Info422",522.00
423,423,"CODE423","User423",31,"Info423",523.00
424,424,"CODE424","User424",32,"Info424",524.00
425,425,"CODE425","User425",33,"Info425",525.00
426,426,"CODE426","User426",34,"Info426",526.00
427,427,"CODE427","User427",35,"Info427",527.00
428,428,"CODE428","User428",36,"Info428",528.00
429,429,"CODE429","User429",37,"Info429",529.00
430,430,"CODE430","User430",38,"Info430",530.00
431,431,"CODE431","User431",39,"Info431",531.00
432,432,"CODE432","User432",40,"Info432",532.00
433,433,"CODE433","User433",41,"Info433",533.00
434,434,"CODE434","User434",42,"Info434",534.00
435,435,"CODE435","User435",43,"Info435",535.00
436,436,"CODE436","User436",44,"Info436",536.00
437,437,"CODE437","User437",45,"Info437",537.00
438,438,"CODE438","User438",46,"Info438",538.00
439,439,"CODE439","User439",47,"Info439",539.00
440,440,"CODE440","User440",48,"Info440",540.00
441,441,"CODE441","User441",49,"Info441",541.00
442,442,"CODE442","User442",50,"Info442",542.00
443,443,"CODE443","User443",51,"Info443",543.00
444,444,"CODE444","User444",52,"Info444",544.00
445,445,"CODE445","User445",53,"Info445",545.00
446,446,"CODE446","User446",54,"Info446",546.00
447,447,"CODE447","User447",55,"Info447",547.00
448,448,"CODE448","User448",56,"Info448",548.00
449,449,"CODE449","User449",57,"Info449",549.00
450,450,"CODE450","User450",58,"Info450",550.00
451,451,"CODE451","User451",59,"Info451",551.00
452,452,"CODE452","User452",60,"Info452",552.00
453,453,"CODE453","User453",61,"Info453",553.00
454,454,"CODE454","User454",62,"Info454",554.00
455,455,"CODE455","User455",63,"Info455",555.00
456,456,"CODE456","User456",64,"Info456",556.00
457,457,"CODE457","User457",65,"Info457",557.00
458,458,"CODE458","User458",66,"Info458",558.00
459,459,"CODE459","User459",67,"Info459",559.00
460,460,"CODE460","User460",68,"Info460",560.00
461,461,"CODE461","User461",69,"Info461",561.00
462,462,"CODE462","User462",70,"Info462",562.00
463,463,"CODE463","User463",71,"Info463",563.00
464,464,"CODE464","User464",72,"Info464",564.00
465,465,"CODE465","User465",73,"Info465",565.00
466,466,"CODE466","User466",74,"Info466",566.00
467,467,"CODE467","User467",75,"Info467",567.00
468,468,"CODE468","User468",76,"Info468",568.00
469,469,"CODE469","User469",77,"Info469",569.00
470,470,"CODE470","User470",78,"Info470",570.00
471,471,"CODE471","User471",79,"Info471",571.00
472,472,"CODE472","User472",80,"Info472",572.00
473,473,"CODE473","User473",81,"Info473",573.00
474,474,"CODE474","User474",82,"Info474",574.00
475,475,"CODE475","User475",83,"Info475",575.00
476,476,"CODE476","User476",84,"Info476",576.00
477,477,"CODE477","User477",85,"Info477",577.00
478,478,"CODE478","User478",86,"Info478",578.00
479,479,"CODE479","User479",87,"Info479",579.00
480,480,"CODE480","User480",88,"Info480",580.00
481,481,"CODE481","User481",89,"Info481",581.00
482,482,"CODE482","User482",90,"Info482",582.00
483,483,"CODE483","User483",91,"Info483",583.00
484,484,"CODE484","User484",92,"Info484",584.00
485,485,"CODE485","User485",93,"Info485",585.00
486,486,"CODE486","User486",94,"Info486",586.00
487,487,"CODE487","User487",95,"Info487",587.00
488,488,"CODE488","User488",96,"Info488",588.00
489,489,"CODE489","User489",97,"Info489",589.00
490,490,"CODE490","User490",98,"Info490",590.00
491,491,"CODE491","User491",99,"Info491",591.00
492,492,"CODE492","User492",18,"Info492",592.00
493,493,"CODE493","User493",19,"Info493",593.00
494,494,"CODE494","User494",20,"Info494",594.00
495,495,"CODE495","User495",21,"Info495",595.00
496,496,"CODE496","User496",22,"Info496",596.00
497,497,"CODE497","User497",23,"Info497",597.00
498,498,"CODE498","User498",24,"Info498",598.00
499,499,"CODE499","User499",25,"Info499",599.00
500,500,"CODE500","User500",26,"Info500",600.00
501,501,"CODE501","User501",27,"Info501",601.00
502,502,"CODE502","User502",28,"Info502",602.00
503,503,"CODE503","User503",29,"Info503",603.00
504,504,"CODE504","User504",30,"Info504",604.00
505,505,"CODE505","User505",31,"Info505",605.00
506,506,"CODE506","User506",32,"Info506",606.00
507,507,"CODE507","User507",33,"Info507",607.00
508,508,"CODE508","User508",34,"Info508",608.00
509,509,"CODE509","User509",35,"Info509",609.00
510,510,"CODE510","User510",36,"Info510",610.00
511,511,"CODE511","User511",37,"Info511",611.00
512,512,"CODE512","User512",38,"Info512",612.00
513,513,"CODE513","User513",39,"Info513",613.00
514,514,"CODE514","User514",40,"Info514",614.00
515,515,"CODE515","User515",41,"Info515",615.00
516,516,"CODE516","User516",42,"Info516",616.00
517,517,"CODE517","User517",43,"Info517",617.00
518,518,"CODE518","User518",44,"Info518",618.00
519,519,"CODE519","User519",45,"Info519",619.00
520,520,"CODE520","User520",46,"Info520",620.00
521,521,"CODE521","User521",47,"Info521",621.00
522,522,"CODE522","User522",48,"Info522",622.00
523,523,"CODE523","User523",49,"Info523",623.00
524,524,"CODE524","User524",50,"Info524",624.00
525,525,"CODE525","User525",51,"Info525",625.00
526,526,"CODE526","User526",52,"Info526",626.00
527,527,"CODE527","User527",53,"Info527",627.00
528,528,"CODE528","User528",54,"Info528",628.00
529,529,"CODE529","User529",55,"Info529",629.00
530,530,"CODE530","User530",56,"Info530",630.00
531,531,"CODE531","User531",57,"Info531",631.00
532,532,"CODE532","User532",58,"Info532",632.00
533,533,"CODE533","User533",59,"Info533",633.00
534,534,"CODE534","User534",60,"Info534",634.00
535,535,"CODE535","User535",61,"Info535",635.00
536,536,"CODE536","User536",62,"Info536",636.00
537,537,"CODE537","User537",63,"Info537",637.00
538,538,"CODE538","User538",64,"Info538",638.00
539,539,"CODE539","User539",65,"Info539",639.00
540,540,"CODE540","User540",66,"Info540",640.00
541,541,"CODE541","User541",67,"Info541",641.00
542,542,"CODE542","User542",68,"Info542",642.00
543,543,"CODE543","User543",69,"Info543",643.00
544,544,"CODE544","User544",70,"Info544",644.00
545,545,"CODE545","User545",71,"Info545",645.00
546,546,"CODE546","User546",72,"Info546",646.00
547,547,"CODE547","User547",73,"Info547",647.00
548,548,"CODE548","User548",74,"Info548",648.00
549,549,"CODE549","User549",75,"Info549",649.00
550,550,"CODE550","User550",76,"Info550",650.00
551,551,"CODE551","User551",77,"Info551",651.00
552,552,"CODE552","User552",78,"Info552",652.00
553,553,"CODE553","User553",79,"Info553",653.00
554,554,"CODE554","User554",80,"Info554",654.00
555,555,"CODE555","User555",81,"Info555",655.00
556,556,"CODE556","User556",82,"Info556",656.00
557,557,"CODE557","User557",83,"Info557",657.00
558,558,"CODE558","User558",84,"Info558",658.00
559,559,"CODE559","User559",85,"Info559",659.00
560,560,"CODE560","User560",86,"Info560",660.00
561,561,"CODE561","User561",87,"Info561",661.00
562,562,"CODE562","User562",88,"Info562",662.00
563,563,"CODE563","User563",89,"Info563",663.00
564,564,"CODE564","User564",90,"Info564",664.00
565,565,"CODE565","User565",91,"Info565",665.00
566,566,"CODE566","User566",92,"Info566",666.00
567,567,"CODE567","User567",93,"Info567",667.00
568,568,"CODE568","User568",94,"Info568",668.00
569,569,"CODE569","User569",95,"Info569",669.00
570,570,"CODE570","User570",96,"Info570",670.00
571,571,"CODE571","User571",97,"Info571",671.00
572,572,"CODE572","User572",98,"Info572",672.00
573,573,"CODE573","User573",99,"Info573",673.00
574,574,"CODE574","User574",18,"Info574",674.00
575,575,"CODE575","User575",19,"Info575",675.00
576,576,"CODE576","User576",20,"Info576",676.00
577,577,"CODE577","User577",21,"Info577",677.00
578,578,"CODE578","User578",22,"Info578",678.00
579,579,"CODE579","User579",23,"Info579",679.00
580,580,"CODE580","User580",24,"Info580",680.00
581,581,"CODE581","User581",25,"Info581",681.00
582,582,"CODE582","User582",26,"Info582",682.00
583,583,"CODE583","User583",27,"Info583",683.00
584,584,"CODE584","User584",28,"Info584",684.00
585,585,"CODE585","User585",29,"Info585",685.00
586,586,"CODE586","User586",30,"Info586",686.00
587,587,"CODE587","User587",31,"Info587",687.00
588,588,"CODE588","User588",32,"Info588",688.00
589,589,"CODE589","User589",33,"Info589",689.00
590,590,"CODE590","User590",34,"Info590",690.00
591,591,"CODE591","User591",35,"Info591",691.00
592,592,"CODE592","User592",36,"Info592",692.00
593,593,"CODE593","User593",37,"Info593",693.00
594,594,"CODE594","User594",38,"Info594",694.00
595,595,"CODE595","User595",39,"Info595",695.00
596,596,"CODE596","User596",40,"Info596",696.00
597,597,"CODE597","User597",41,"Info597",697.00
598,598,"CODE598","User598",42,"Info598",698.00
599,599,"CODE599","User599",43,"Info599",699.00
600,600,"CODE600","User600",44,"Info600",700.00
