DETAIL_ID,USER_ID,USER_CODE,NAME,AGE,INFO,BALANCE
1,1,"CODE1","USER1",19,"INFO1",101.00
2,2,"CODE2","USER2",20,"INFO2",102.00
3,3,"CODE3","USER3",21,"INFO3",103.00
4,4,"CODE4","USER4",22,"INFO4",104.00
5,5,"CODE5","USER5",23,"INFO5",105.00
6,6,"CODE6","USER6",24,"INFO6",106.00
7,7,"CODE7","USER7",25,"INFO7",107.00
8,8,"CODE8","USER8",26,"INFO8",108.00
9,9,"CODE9","USER9",27,"INFO9",109.00
10,10,"CODE10","USER10",28,"INFO10",110.00
11,11,"CODE11","USER11",29,"INFO11",111.00
12,12,"CODE12","USER12",30,"INFO12",112.00
13,13,"CODE13","USER13",31,"INFO13",113.00
14,14,"CODE14","USER14",32,"INFO14",114.00
15,15,"CODE15","USER15",33,"INFO15",115.00
16,16,"CODE16","USER16",34,"INFO16",116.00
17,17,"CODE17","USER17",35,"INFO17",117.00
18,18,"CODE18","USER18",36,"INFO18",118.00
19,19,"CODE19","USER19",37,"INFO19",119.00
20,20,"CODE20","USER20",38,"INFO20",120.00
21,21,"CODE21","USER21",39,"INFO21",121.00
22,22,"CODE22","USER22",40,"INFO22",122.00
23,23,"CODE23","USER23",41,"INFO23",123.00
24,24,"CODE24","USER24",42,"INFO24",124.00
25,25,"CODE25","USER25",43,"INFO25",125.00
26,26,"CODE26","USER26",44,"INFO26",126.00
27,27,"CODE27","USER27",45,"INFO27",127.00
28,28,"CODE28","USER28",46,"INFO28",128.00
29,29,"CODE29","USER29",47,"INFO29",129.00
30,30,"CODE30","USER30",48,"INFO30",130.00
31,31,"CODE31","USER31",49,"INFO31",131.00
32,32,"CODE32","USER32",50,"INFO32",132.00
33,33,"CODE33","USER33",51,"INFO33",133.00
34,34,"CODE34","USER34",52,"INFO34",134.00
35,35,"CODE35","USER35",53,"INFO35",135.00
36,36,"CODE36","USER36",54,"INFO36",136.00
37,37,"CODE37","USER37",55,"INFO37",137.00
38,38,"CODE38","USER38",56,"INFO38",138.00
39,39,"CODE39","USER39",57,"INFO39",139.00
40,40,"CODE40","USER40",58,"INFO40",140.00
41,41,"CODE41","USER41",59,"INFO41",141.00
42,42,"CODE42","USER42",60,"INFO42",142.00
43,43,"CODE43","USER43",61,"INFO43",143.00
44,44,"CODE44","USER44",62,"INFO44",144.00
45,45,"CODE45","USER45",63,"INFO45",145.00
46,46,"CODE46","USER46",64,"INFO46",146.00
47,47,"CODE47","USER47",65,"INFO47",147.00
48,48,"CODE48","USER48",66,"INFO48",148.00
49,49,"CODE49","USER49",67,"INFO49",149.00
50,50,"CODE50","USER50",68,"INFO50",150.00
51,51,"CODE51","USER51",69,"INFO51",151.00
52,52,"CODE52","USER52",70,"INFO52",152.00
53,53,"CODE53","USER53",71,"INFO53",153.00
54,54,"CODE54","USER54",72,"INFO54",154.00
55,55,"CODE55","USER55",73,"INFO55",155.00
56,56,"CODE56","USER56",74,"INFO56",156.00
57,57,"CODE57","USER57",75,"INFO57",157.00
58,58,"CODE58","USER58",76,"INFO58",158.00
59,59,"CODE59","USER59",77,"INFO59",159.00
60,60,"CODE60","USER60",78,"INFO60",160.00
61,61,"CODE61","USER61",79,"INFO61",161.00
62,62,"CODE62","USER62",80,"INFO62",162.00
63,63,"CODE63","USER63",81,"INFO63",163.00
64,64,"CODE64","USER64",82,"INFO64",164.00
65,65,"CODE65","USER65",83,"INFO65",165.00
66,66,"CODE66","USER66",84,"INFO66",166.00
67,67,"CODE67","USER67",85,"INFO67",167.00
68,68,"CODE68","USER68",86,"INFO68",168.00
69,69,"CODE69","USER69",87,"INFO69",169.00
70,70,"CODE70","USER70",88,"INFO70",170.00
71,71,"CODE71","USER71",89,"INFO71",171.00
72,72,"CODE72","USER72",90,"INFO72",172.00
73,73,"CODE73","USER73",91,"INFO73",173.00
74,74,"CODE74","USER74",92,"INFO74",174.00
75,75,"CODE75","USER75",93,"INFO75",175.00
76,76,"CODE76","USER76",94,"INFO76",176.00
77,77,"CODE77","USER77",95,"INFO77",177.00
78,78,"CODE78","USER78",96,"INFO78",178.00
79,79,"CODE79","USER79",97,"INFO79",179.00
80,80,"CODE80","USER80",98,"INFO80",180.00
81,81,"CODE81","USER81",99,"INFO81",181.00
82,82,"CODE82","USER82",18,"INFO82",182.00
83,83,"CODE83","USER83",19,"INFO83",183.00
84,84,"CODE84","USER84",20,"INFO84",184.00
85,85,"CODE85","USER85",21,"INFO85",185.00
86,86,"CODE86","USER86",22,"INFO86",186.00
87,87,"CODE87","USER87",23,"INFO87",187.00
88,88,"CODE88","USER88",24,"INFO88",188.00
89,89,"CODE89","USER89",25,"INFO89",189.00
90,90,"CODE90","USER90",26,"INFO90",190.00
91,91,"CODE91","USER91",27,"INFO91",191.00
92,92,"CODE92","USER92",28,"INFO92",192.00
93,93,"CODE93","USER93",29,"INFO93",193.00
94,94,"CODE94","USER94",30,"INFO94",194.00
95,95,"CODE95","USER95",31,"INFO95",195.00
96,96,"CODE96","USER96",32,"INFO96",196.00
97,97,"CODE97","USER97",33,"INFO97",197.00
98,98,"CODE98","USER98",34,"INFO98",198.00
99,99,"CODE99","USER99",35,"INFO99",199.00
100,100,"CODE100","USER100",36,"INFO100",200.00
101,101,"CODE101","USER101",37,"INFO101",201.00
102,102,"CODE102","USER102",38,"INFO102",202.00
103,103,"CODE103","USER103",39,"INFO103",203.00
104,104,"CODE104","USER104",40,"INFO104",204.00
105,105,"CODE105","USER105",41,"INFO105",205.00
106,106,"CODE106","USER106",42,"INFO106",206.00
107,107,"CODE107","USER107",43,"INFO107",207.00
108,108,"CODE108","USER108",44,"INFO108",208.00
109,109,"CODE109","USER109",45,"INFO109",209.00
110,110,"CODE110","USER110",46,"INFO110",210.00
111,111,"CODE111","USER111",47,"INFO111",211.00
112,112,"CODE112","USER112",48,"INFO112",212.00
113,113,"CODE113","USER113",49,"INFO113",213.00
114,114,"CODE114","USER114",50,"INFO114",214.00
115,115,"CODE115","USER115",51,"INFO115",215.00
116,116,"CODE116","USER116",52,"INFO116",216.00
117,117,"CODE117","USER117",53,"INFO117",217.00
118,118,"CODE118","USER118",54,"INFO118",218.00
119,119,"CODE119","USER119",55,"INFO119",219.00
120,120,"CODE120","USER120",56,"INFO120",220.00
121,121,"CODE121","USER121",57,"INFO121",221.00
122,122,"CODE122","USER122",58,"INFO122",222.00
123,123,"CODE123","USER123",59,"INFO123",223.00
124,124,"CODE124","USER124",60,"INFO124",224.00
125,125,"CODE125","USER125",61,"INFO125",225.00
126,126,"CODE126","USER126",62,"INFO126",226.00
127,127,"CODE127","USER127",63,"INFO127",227.00
128,128,"CODE128","USER128",64,"INFO128",228.00
129,129,"CODE129","USER129",65,"INFO129",229.00
130,130,"CODE130","USER130",66,"INFO130",230.00
131,131,"CODE131","USER131",67,"INFO131",231.00
132,132,"CODE132","USER132",68,"INFO132",232.00
133,133,"CODE133","USER133",69,"INFO133",233.00
134,134,"CODE134","USER134",70,"INFO134",234.00
135,135,"CODE135","USER135",71,"INFO135",235.00
136,136,"CODE136","USER136",72,"INFO136",236.00
137,137,"CODE137","USER137",73,"INFO137",237.00
138,138,"CODE138","USER138",74,"INFO138",238.00
139,139,"CODE139","USER139",75,"INFO139",239.00
140,140,"CODE140","USER140",76,"INFO140",240.00
141,141,"CODE141","USER141",77,"INFO141",241.00
142,142,"CODE142","USER142",78,"INFO142",242.00
143,143,"CODE143","USER143",79,"INFO143",243.00
144,144,"CODE144","USER144",80,"INFO144",244.00
145,145,"CODE145","USER145",81,"INFO145",245.00
146,146,"CODE146","USER146",82,"INFO146",246.00
147,147,"CODE147","USER147",83,"INFO147",247.00
148,148,"CODE148","USER148",84,"INFO148",248.00
149,149,"CODE149","USER149",85,"INFO149",249.00
150,150,"CODE150","USER150",86,"INFO150",250.00
151,151,"CODE151","USER151",87,"INFO151",251.00
152,152,"CODE152","USER152",88,"INFO152",252.00
153,153,"CODE153","USER153",89,"INFO153",253.00
154,154,"CODE154","USER154",90,"INFO154",254.00
155,155,"CODE155","USER155",91,"INFO155",255.00
156,156,"CODE156","USER156",92,"INFO156",256.00
157,157,"CODE157","USER157",93,"INFO157",257.00
158,158,"CODE158","USER158",94,"INFO158",258.00
159,159,"CODE159","USER159",95,"INFO159",259.00
160,160,"CODE160","USER160",96,"INFO160",260.00
161,161,"CODE161","USER161",97,"INFO161",261.00
162,162,"CODE162","USER162",98,"INFO162",262.00
163,163,"CODE163","USER163",99,"INFO163",263.00
164,164,"CODE164","USER164",18,"INFO164",264.00
165,165,"CODE165","USER165",19,"INFO165",265.00
166,166,"CODE166","USER166",20,"INFO166",266.00
167,167,"CODE167","USER167",21,"INFO167",267.00
168,168,"CODE168","USER168",22,"INFO168",268.00
169,169,"CODE169","USER169",23,"INFO169",269.00
170,170,"CODE170","USER170",24,"INFO170",270.00
171,171,"CODE171","USER171",25,"INFO171",271.00
172,172,"CODE172","USER172",26,"INFO172",272.00
173,173,"CODE173","USER173",27,"INFO173",273.00
174,174,"CODE174","USER174",28,"INFO174",274.00
175,175,"CODE175","USER175",29,"INFO175",275.00
176,176,"CODE176","USER176",30,"INFO176",276.00
177,177,"CODE177","USER177",31,"INFO177",277.00
178,178,"CODE178","USER178",32,"INFO178",278.00
179,179,"CODE179","USER179",33,"INFO179",279.00
180,180,"CODE180","USER180",34,"INFO180",280.00
181,181,"CODE181","USER181",35,"INFO181",281.00
182,182,"CODE182","USER182",36,"INFO182",282.00
183,183,"CODE183","USER183",37,"INFO183",283.00
184,184,"CODE184","USER184",38,"INFO184",284.00
185,185,"CODE185","USER185",39,"INFO185",285.00
186,186,"CODE186","USER186",40,"INFO186",286.00
187,187,"CODE187","USER187",41,"INFO187",287.00
188,188,"CODE188","USER188",42,"INFO188",288.00
189,189,"CODE189","USER189",43,"INFO189",289.00
190,190,"CODE190","USER190",44,"INFO190",290.00
191,191,"CODE191","USER191",45,"INFO191",291.00
192,192,"CODE192","USER192",46,"INFO192",292.00
193,193,"CODE193","USER193",47,"INFO193",293.00
194,194,"CODE194","USER194",48,"INFO194",294.00
195,195,"CODE195","USER195",49,"INFO195",295.00
196,196,"CODE196","USER196",50,"INFO196",296.00
197,197,"CODE197","USER197",51,"INFO197",297.00
198,198,"CODE198","USER198",52,"INFO198",298.00
199,199,"CODE199","USER199",53,"INFO199",299.00
200,200,"CODE200","USER200",54,"INFO200",300.00
201,201,"CODE201","USER201",55,"INFO201",301.00
202,202,"CODE202","USER202",56,"INFO202",302.00
203,203,"CODE203","USER203",57,"INFO203",303.00
204,204,"CODE204","USER204",58,"INFO204",304.00
205,205,"CODE205","USER205",59,"INFO205",305.00
206,206,"CODE206","USER206",60,"INFO206",306.00
207,207,"CODE207","USER207",61,"INFO207",307.00
208,208,"CODE208","USER208",62,"INFO208",308.00
209,209,"CODE209","USER209",63,"INFO209",309.00
210,210,"CODE210","USER210",64,"INFO210",310.00
211,211,"CODE211","USER211",65,"INFO211",311.00
212,212,"CODE212","USER212",66,"INFO212",312.00
213,213,"CODE213","USER213",67,"INFO213",313.00
214,214,"CODE214","USER214",68,"INFO214",314.00
215,215,"CODE215","USER215",69,"INFO215",315.00
216,216,"CODE216","USER216",70,"INFO216",316.00
217,217,"CODE217","USER217",71,"INFO217",317.00
218,218,"CODE218","USER218",72,"INFO218",318.00
219,219,"CODE219","USER219",73,"INFO219",319.00
220,220,"CODE220","USER220",74,"INFO220",320.00
221,221,"CODE221","USER221",75,"INFO221",321.00
222,222,"CODE222","USER222",76,"INFO222",322.00
223,223,"CODE223","USER223",77,"INFO223",323.00
224,224,"CODE224","USER224",78,"INFO224",324.00
225,225,"CODE225","USER225",79,"INFO225",325.00
226,226,"CODE226","USER226",80,"INFO226",326.00
227,227,"CODE227","USER227",81,"INFO227",327.00
228,228,"CODE228","USER228",82,"INFO228",328.00
229,229,"CODE229","USER229",83,"INFO229",329.00
230,230,"CODE230","USER230",84,"INFO230",330.00
231,231,"CODE231","USER231",85,"INFO231",331.00
232,232,"CODE232","USER232",86,"INFO232",332.00
233,233,"CODE233","USER233",87,"INFO233",333.00
234,234,"CODE234","USER234",88,"INFO234",334.00
235,235,"CODE235","USER235",89,"INFO235",335.00
236,236,"CODE236","USER236",90,"INFO236",336.00
237,237,"CODE237","USER237",91,"INFO237",337.00
238,238,"CODE238","USER238",92,"INFO238",338.00
239,239,"CODE239","USER239",93,"INFO239",339.00
240,240,"CODE240","USER240",94,"INFO240",340.00
241,241,"CODE241","USER241",95,"INFO241",341.00
242,242,"CODE242","USER242",96,"INFO242",342.00
243,243,"CODE243","USER243",97,"INFO243",343.00
244,244,"CODE244","USER244",98,"INFO244",344.00
245,245,"CODE245","USER245",99,"INFO245",345.00
246,246,"CODE246","USER246",18,"INFO246",346.00
247,247,"CODE247","USER247",19,"INFO247",347.00
248,248,"CODE248","USER248",20,"INFO248",348.00
249,249,"CODE249","USER249",21,"INFO249",349.00
250,250,"CODE250","USER250",22,"INFO250",350.00
251,251,"CODE251","USER251",23,"INFO251",351.00
252,252,"CODE252","USER252",24,"INFO252",352.00
253,253,"CODE253","USER253",25,"INFO253",353.00
254,254,"CODE254","USER254",26,"INFO254",354.00
255,255,"CODE255","USER255",27,"INFO255",355.00
256,256,"CODE256","USER256",28,"INFO256",356.00
257,257,"CODE257","USER257",29,"INFO257",357.00
258,258,"CODE258","USER258",30,"INFO258",358.00
259,259,"CODE259","USER259",31,"INFO259",359.00
260,260,"CODE260","USER260",32,"INFO260",360.00
261,261,"CODE261","USER261",33,"INFO261",361.00
262,262,"CODE262","USER262",34,"INFO262",362.00
263,263,"CODE263","USER263",35,"INFO263",363.00
264,264,"CODE264","USER264",36,"INFO264",364.00
265,265,"CODE265","USER265",37,"INFO265",365.00
266,266,"CODE266","USER266",38,"INFO266",366.00
267,267,"CODE267","USER267",39,"INFO267",367.00
268,268,"CODE268","USER268",40,"INFO268",368.00
269,269,"CODE269","USER269",41,"INFO269",369.00
270,270,"CODE270","USER270",42,"INFO270",370.00
271,271,"CODE271","USER271",43,"INFO271",371.00
272,272,"CODE272","USER272",44,"INFO272",372.00
273,273,"CODE273","USER273",45,"INFO273",373.00
274,274,"CODE274","USER274",46,"INFO274",374.00
275,275,"CODE275","USER275",47,"INFO275",375.00
276,276,"CODE276","USER276",48,"INFO276",376.00
277,277,"CODE277","USER277",49,"INFO277",377.00
278,278,"CODE278","USER278",50,"INFO278",378.00
279,279,"CODE279","USER279",51,"INFO279",379.00
280,280,"CODE280","USER280",52,"INFO280",380.00
281,281,"CODE281","USER281",53,"INFO281",381.00
282,282,"CODE282","USER282",54,"INFO282",382.00
283,283,"CODE283","USER283",55,"INFO283",383.00
284,284,"CODE284","USER284",56,"INFO284",384.00
285,285,"CODE285","USER285",57,"INFO285",385.00
286,286,"CODE286","USER286",58,"INFO286",386.00
287,287,"CODE287","USER287",59,"INFO287",387.00
288,288,"CODE288","USER288",60,"INFO288",388.00
289,289,"CODE289","USER289",61,"INFO289",389.00
290,290,"CODE290","USER290",62,"INFO290",390.00
291,291,"CODE291","USER291",63,"INFO291",391.00
292,292,"CODE292","USER292",64,"INFO292",392.00
293,293,"CODE293","USER293",65,"INFO293",393.00
294,294,"CODE294","USER294",66,"INFO294",394.00
295,295,"CODE295","USER295",67,"INFO295",395.00
296,296,"CODE296","USER296",68,"INFO296",396.00
297,297,"CODE297","USER297",69,"INFO297",397.00
298,298,"CODE298","USER298",70,"INFO298",398.00
299,299,"CODE299","USER299",71,"INFO299",399.00
300,300,"CODE300","USER300",72,"INFO300",400.00
301,301,"CODE301","USER301",73,"INFO301",401.00
302,302,"CODE302","USER302",74,"INFO302",402.00
303,303,"CODE303","USER303",75,"INFO303",403.00
304,304,"CODE304","USER304",76,"INFO304",404.00
305,305,"CODE305","USER305",77,"INFO305",405.00
306,306,"CODE306","USER306",78,"INFO306",406.00
307,307,"CODE307","USER307",79,"INFO307",407.00
308,308,"CODE308","USER308",80,"INFO308",408.00
309,309,"CODE309","USER309",81,"INFO309",409.00
310,310,"CODE310","USER310",82,"INFO310",410.00
311,311,"CODE311","USER311",83,"INFO311",411.00
312,312,"CODE312","USER312",84,"INFO312",412.00
313,313,"CODE313","USER313",85,"INFO313",413.00
314,314,"CODE314","USER314",86,"INFO314",414.00
315,315,"CODE315","USER315",87,"INFO315",415.00
316,316,"CODE316","USER316",88,"INFO316",416.00
317,317,"CODE317","USER317",89,"INFO317",417.00
318,318,"CODE318","USER318",90,"INFO318",418.00
319,319,"CODE319","USER319",91,"INFO319",419.00
320,320,"CODE320","USER320",92,"INFO320",420.00
321,321,"CODE321","USER321",93,"INFO321",421.00
322,322,"CODE322","USER322",94,"INFO322",422.00
323,323,"CODE323","USER323",95,"INFO323",423.00
324,324,"CODE324","USER324",96,"INFO324",424.00
325,325,"CODE325","USER325",97,"INFO325",425.00
326,326,"CODE326","USER326",98,"INFO326",426.00
327,327,"CODE327","USER327",99,"INFO327",427.00
328,328,"CODE328","USER328",18,"INFO328",428.00
329,329,"CODE329","USER329",19,"INFO329",429.00
330,330,"CODE330","USER330",20,"INFO330",430.00
331,331,"CODE331","USER331",21,"INFO331",431.00
332,332,"CODE332","USER332",22,"INFO332",432.00
333,333,"CODE333","USER333",23,"INFO333",433.00
334,334,"CODE334","USER334",24,"INFO334",434.00
335,335,"CODE335","USER335",25,"INFO335",435.00
336,336,"CODE336","USER336",26,"INFO336",436.00
337,337,"CODE337","USER337",27,"INFO337",437.00
338,338,"CODE338","USER338",28,"INFO338",438.00
339,339,"CODE339","USER339",29,"INFO339",439.00
340,340,"CODE340","USER340",30,"INFO340",440.00
341,341,"CODE341","USER341",31,"INFO341",441.00
342,342,"CODE342","USER342",32,"INFO342",442.00
343,343,"CODE343","USER343",33,"INFO343",443.00
344,344,"CODE344","USER344",34,"INFO344",444.00
345,345,"CODE345","USER345",35,"INFO345",445.00
346,346,"CODE346","USER346",36,"INFO346",446.00
347,347,"CODE347","USER347",37,"INFO347",447.00
348,348,"CODE348","USER348",38,"INFO348",448.00
349,349,"CODE349","USER349",39,"INFO349",449.00
350,350,"CODE350","USER350",40,"INFO350",450.00
351,351,"CODE351","USER351",41,"INFO351",451.00
352,352,"CODE352","USER352",42,"INFO352",452.00
353,353,"CODE353","USER353",43,"INFO353",453.00
354,354,"CODE354","USER354",44,"INFO354",454.00
355,355,"CODE355","USER355",45,"INFO355",455.00
356,356,"CODE356","USER356",46,"INFO356",456.00
357,357,"CODE357","USER357",47,"INFO357",457.00
358,358,"CODE358","USER358",48,"INFO358",458.00
359,359,"CODE359","USER359",49,"INFO359",459.00
360,360,"CODE360","USER360",50,"INFO360",460.00
361,361,"CODE361","USER361",51,"INFO361",461.00
362,362,"CODE362","USER362",52,"INFO362",462.00
363,363,"CODE363","USER363",53,"INFO363",463.00
364,364,"CODE364","USER364",54,"INFO364",464.00
365,365,"CODE365","USER365",55,"INFO365",465.00
366,366,"CODE366","USER366",56,"INFO366",466.00
367,367,"CODE367","USER367",57,"INFO367",467.00
368,368,"CODE368","USER368",58,"INFO368",468.00
369,369,"CODE369","USER369",59,"INFO369",469.00
370,370,"CODE370","USER370",60,"INFO370",470.00
371,371,"CODE371","USER371",61,"INFO371",471.00
372,372,"CODE372","USER372",62,"INFO372",472.00
373,373,"CODE373","USER373",63,"INFO373",473.00
374,374,"CODE374","USER374",64,"INFO374",474.00
375,375,"CODE375","USER375",65,"INFO375",475.00
376,376,"CODE376","USER376",66,"INFO376",476.00
377,377,"CODE377","USER377",67,"INFO377",477.00
378,378,"CODE378","USER378",68,"INFO378",478.00
379,379,"CODE379","USER379",69,"INFO379",479.00
380,380,"CODE380","USER380",70,"INFO380",480.00
381,381,"CODE381","USER381",71,"INFO381",481.00
382,382,"CODE382","USER382",72,"INFO382",482.00
383,383,"CODE383","USER383",73,"INFO383",483.00
384,384,"CODE384","USER384",74,"INFO384",484.00
385,385,"CODE385","USER385",75,"INFO385",485.00
386,386,"CODE386","USER386",76,"INFO386",486.00
387,387,"CODE387","USER387",77,"INFO387",487.00
388,388,"CODE388","USER388",78,"INFO388",488.00
389,389,"CODE389","USER389",79,"INFO389",489.00
390,390,"CODE390","USER390",80,"INFO390",490.00
391,391,"CODE391","USER391",81,"INFO391",491.00
392,392,"CODE392","USER392",82,"INFO392",492.00
393,393,"CODE393","USER393",83,"INFO393",493.00
394,394,"CODE394","USER394",84,"INFO394",494.00
395,395,"CODE395","USER395",85,"INFO395",495.00
396,396,"CODE396","USER396",86,"INFO396",496.00
397,397,"CODE397","USER397",87,"INFO397",497.00
398,398,"CODE398","USER398",88,"INFO398",498.00
399,399,"CODE399","USER399",89,"INFO399",499.00
400,400,"CODE400","USER400",90,"INFO400",500.00
401,401,"CODE401","USER401",91,"INFO401",501.00
402,402,"CODE402","USER402",92,"INFO402",502.00
403,403,"CODE403","USER403",93,"INFO403",503.00
404,404,"CODE404","USER404",94,"INFO404",504.00
405,405,"CODE405","USER405",95,"INFO405",505.00
406,406,"CODE406","USER406",96,"INFO406",506.00
407,407,"CODE407","USER407",97,"INFO407",507.00
408,408,"CODE408","USER408",98,"INFO408",508.00
409,409,"CODE409","USER409",99,"INFO409",509.00
410,410,"CODE410","USER410",18,"INFO410",510.00
411,411,"CODE411","USER411",19,"INFO411",511.00
412,412,"CODE412","USER412",20,"INFO412",512.00
413,413,"CODE413","USER413",21,"INFO413",513.00
414,414,"CODE414","USER414",22,"INFO414",514.00
415,415,"CODE415","USER415",23,"INFO415",515.00
416,416,"CODE416","USER416",24,"INFO416",516.00
417,417,"CODE417","USER417",25,"INFO417",517.00
418,418,"CODE418","USER418",26,"INFO418",518.00
419,419,"CODE419","USER419",27,"INFO419",519.00
420,420,"CODE420","USER420",28,"INFO420",520.00
421,421,"CODE421","USER421",29,"INFO421",521.00
422,422,"CODE422","USER422",30,"INFO422",522.00
423,423,"CODE423","USER423",31,"INFO423",523.00
424,424,"CODE424","USER424",32,"INFO424",524.00
425,425,"CODE425","USER425",33,"INFO425",525.00
426,426,"CODE426","USER426",34,"INFO426",526.00
427,427,"CODE427","USER427",35,"INFO427",527.00
428,428,"CODE428","USER428",36,"INFO428",528.00
429,429,"CODE429","USER429",37,"INFO429",529.00
430,430,"CODE430","USER430",38,"INFO430",530.00
431,431,"CODE431","USER431",39,"INFO431",531.00
432,432,"CODE432","USER432",40,"INFO432",532.00
433,433,"CODE433","USER433",41,"INFO433",533.00
434,434,"CODE434","USER434",42,"INFO434",534.00
435,435,"CODE435","USER435",43,"INFO435",535.00
436,436,"CODE436","USER436",44,"INFO436",536.00
437,437,"CODE437","USER437",45,"INFO437",537.00
438,438,"CODE438","USER438",46,"INFO438",538.00
439,439,"CODE439","USER439",47,"INFO439",539.00
440,440,"CODE440","USER440",48,"INFO440",540.00
441,441,"CODE441","USER441",49,"INFO441",541.00
442,442,"CODE442","USER442",50,"INFO442",542.00
443,443,"CODE443","USER443",51,"INFO443",543.00
444,444,"CODE444","USER444",52,"INFO444",544.00
445,445,"CODE445","USER445",53,"INFO445",545.00
446,446,"CODE446","USER446",54,"INFO446",546.00
447,447,"CODE447","USER447",55,"INFO447",547.00
448,448,"CODE448","USER448",56,"INFO448",548.00
449,449,"CODE449","USER449",57,"INFO449",549.00
450,450,"CODE450","USER450",58,"INFO450",550.00
451,451,"CODE451","USER451",59,"INFO451",551.00
452,452,"CODE452","USER452",60,"INFO452",552.00
453,453,"CODE453","USER453",61,"INFO453",553.00
454,454,"CODE454","USER454",62,"INFO454",554.00
455,455,"CODE455","USER455",63,"INFO455",555.00
456,456,"CODE456","USER456",64,"INFO456",556.00
457,457,"CODE457","USER457",65,"INFO457",557.00
458,458,"CODE458","USER458",66,"INFO458",558.00
459,459,"CODE459","USER459",67,"INFO459",559.00
460,460,"CODE460","USER460",68,"INFO460",560.00
461,461,"CODE461","USER461",69,"INFO461",561.00
462,462,"CODE462","USER462",70,"INFO462",562.00
463,463,"CODE463","USER463",71,"INFO463",563.00
464,464,"CODE464","USER464",72,"INFO464",564.00
465,465,"CODE465","USER465",73,"INFO465",565.00
466,466,"CODE466","USER466",74,"INFO466",566.00
467,467,"CODE467","USER467",75,"INFO467",567.00
468,468,"CODE468","USER468",76,"INFO468",568.00
469,469,"CODE469","USER469",77,"INFO469",569.00
470,470,"CODE470","USER470",78,"INFO470",570.00
471,471,"CODE471","USER471",79,"INFO471",571.00
472,472,"CODE472","USER472",80,"INFO472",572.00
473,473,"CODE473","USER473",81,"INFO473",573.00
474,474,"CODE474","USER474",82,"INFO474",574.00
475,475,"CODE475","USER475",83,"INFO475",575.00
476,476,"CODE476","USER476",84,"INFO476",576.00
477,477,"CODE477","USER477",85,"INFO477",577.00
478,478,"CODE478","USER478",86,"INFO478",578.00
479,479,"CODE479","USER479",87,"INFO479",579.00
480,480,"CODE480","USER480",88,"INFO480",580.00
481,481,"CODE481","USER481",89,"INFO481",581.00
482,482,"CODE482","USER482",90,"INFO482",582.00
483,483,"CODE483","USER483",91,"INFO483",583.00
484,484,"CODE484","USER484",92,"INFO484",584.00
485,485,"CODE485","USER485",93,"INFO485",585.00
486,486,"CODE486","USER486",94,"INFO486",586.00
487,487,"CODE487","USER487",95,"INFO487",587.00
488,488,"CODE488","USER488",96,"INFO488",588.00
489,489,"CODE489","USER489",97,"INFO489",589.00
490,490,"CODE490","USER490",98,"INFO490",590.00
491,491,"CODE491","USER491",99,"INFO491",591.00
492,492,"CODE492","USER492",18,"INFO492",592.00
493,493,"CODE493","USER493",19,"INFO493",593.00
494,494,"CODE494","USER494",20,"INFO494",594.00
495,495,"CODE495","USER495",21,"INFO495",595.00
496,496,"CODE496","USER496",22,"INFO496",596.00
497,497,"CODE497","USER497",23,"INFO497",597.00
498,498,"CODE498","USER498",24,"INFO498",598.00
499,499,"CODE499","USER499",25,"INFO499",599.00
500,500,"CODE500","USER500",26,"INFO500",600.00
501,501,"CODE501","USER501",27,"INFO501",601.00
502,502,"CODE502","USER502",28,"INFO502",602.00
503,503,"CODE503","USER503",29,"INFO503",603.00
504,504,"CODE504","USER504",30,"INFO504",604.00
505,505,"CODE505","USER505",31,"INFO505",605.00
506,506,"CODE506","USER506",32,"INFO506",606.00
507,507,"CODE507","USER507",33,"INFO507",607.00
508,508,"CODE508","USER508",34,"INFO508",608.00
509,509,"CODE509","USER509",35,"INFO509",609.00
510,510,"CODE510","USER510",36,"INFO510",610.00
511,511,"CODE511","USER511",37,"INFO511",611.00
512,512,"CODE512","USER512",38,"INFO512",612.00
513,513,"CODE513","USER513",39,"INFO513",613.00
514,514,"CODE514","USER514",40,"INFO514",614.00
515,515,"CODE515","USER515",41,"INFO515",615.00
516,516,"CODE516","USER516",42,"INFO516",616.00
517,517,"CODE517","USER517",43,"INFO517",617.00
518,518,"CODE518","USER518",44,"INFO518",618.00
519,519,"CODE519","USER519",45,"INFO519",619.00
520,520,"CODE520","USER520",46,"INFO520",620.00
521,521,"CODE521","USER521",47,"INFO521",621.00
522,522,"CODE522","USER522",48,"INFO522",622.00
523,523,"CODE523","USER523",49,"INFO523",623.00
524,524,"CODE524","USER524",50,"INFO524",624.00
525,525,"CODE525","USER525",51,"INFO525",625.00
526,526,"CODE526","USER526",52,"INFO526",626.00
527,527,"CODE527","USER527",53,"INFO527",627.00
528,528,"CODE528","USER528",54,"INFO528",628.00
529,529,"CODE529","USER529",55,"INFO529",629.00
530,530,"CODE530","USER530",56,"INFO530",630.00
531,531,"CODE531","USER531",57,"INFO531",631.00
532,532,"CODE532","USER532",58,"INFO532",632.00
533,533,"CODE533","USER533",59,"INFO533",633.00
534,534,"CODE534","USER534",60,"INFO534",634.00
535,535,"CODE535","USER535",61,"INFO535",635.00
536,536,"CODE536","USER536",62,"INFO536",636.00
537,537,"CODE537","USER537",63,"INFO537",637.00
538,538,"CODE538","USER538",64,"INFO538",638.00
539,539,"CODE539","USER539",65,"INFO539",639.00
540,540,"CODE540","USER540",66,"INFO540",640.00
541,541,"CODE541","USER541",67,"INFO541",641.00
542,542,"CODE542","USER542",68,"INFO542",642.00
543,543,"CODE543","USER543",69,"INFO543",643.00
544,544,"CODE544","USER544",70,"INFO544",644.00
545,545,"CODE545","USER545",71,"INFO545",645.00
546,546,"CODE546","USER546",72,"INFO546",646.00
547,547,"CODE547","USER547",73,"INFO547",647.00
548,548,"CODE548","USER548",74,"INFO548",648.00
549,549,"CODE549","USER549",75,"INFO549",649.00
550,550,"CODE550","USER550",76,"INFO550",650.00
551,551,"CODE551","USER551",77,"INFO551",651.00
552,552,"CODE552","USER552",78,"INFO552",652.00
553,553,"CODE553","USER553",79,"INFO553",653.00
554,554,"CODE554","USER554",80,"INFO554",654.00
555,555,"CODE555","USER555",81,"INFO555",655.00
556,556,"CODE556","USER556",82,"INFO556",656.00
557,557,"CODE557","USER557",83,"INFO557",657.00
558,558,"CODE558","USER558",84,"INFO558",658.00
559,559,"CODE559","USER559",85,"INFO559",659.00
560,560,"CODE560","USER560",86,"INFO560",660.00
561,561,"CODE561","USER561",87,"INFO561",661.00
562,562,"CODE562","USER562",88,"INFO562",662.00
563,563,"CODE563","USER563",89,"INFO563",663.00
564,564,"CODE564","USER564",90,"INFO564",664.00
565,565,"CODE565","USER565",91,"INFO565",665.00
566,566,"CODE566","USER566",92,"INFO566",666.00
567,567,"CODE567","USER567",93,"INFO567",667.00
568,568,"CODE568","USER568",94,"INFO568",668.00
569,569,"CODE569","USER569",95,"INFO569",669.00
570,570,"CODE570","USER570",96,"INFO570",670.00
571,571,"CODE571","USER571",97,"INFO571",671.00
572,572,"CODE572","USER572",98,"INFO572",672.00
573,573,"CODE573","USER573",99,"INFO573",673.00
574,574,"CODE574","USER574",18,"INFO574",674.00
575,575,"CODE575","USER575",19,"INFO575",675.00
576,576,"CODE576","USER576",20,"INFO576",676.00
577,577,"CODE577","USER577",21,"INFO577",677.00
578,578,"CODE578","USER578",22,"INFO578",678.00
579,579,"CODE579","USER579",23,"INFO579",679.00
580,580,"CODE580","USER580",24,"INFO580",680.00
581,581,"CODE581","USER581",25,"INFO581",681.00
582,582,"CODE582","USER582",26,"INFO582",682.00
583,583,"CODE583","USER583",27,"INFO583",683.00
584,584,"CODE584","USER584",28,"INFO584",684.00
585,585,"CODE585","USER585",29,"INFO585",685.00
586,586,"CODE586","USER586",30,"INFO586",686.00
587,587,"CODE587","USER587",31,"INFO587",687.00
588,588,"CODE588","USER588",32,"INFO588",688.00
589,589,"CODE589","USER589",33,"INFO589",689.00
590,590,"CODE590","USER590",34,"INFO590",690.00
591,591,"CODE591","USER591",35,"INFO591",691.00
592,592,"CODE592","USER592",36,"INFO592",692.00
593,593,"CODE593","USER593",37,"INFO593",693.00
594,594,"CODE594","USER594",38,"INFO594",694.00
595,595,"CODE595","USER595",39,"INFO595",695.00
596,596,"CODE596","USER596",40,"INFO596",696.00
597,597,"CODE597","USER597",41,"INFO597",697.00
598,598,"CODE598","USER598",42,"INFO598",698.00
599,599,"CODE599","USER599",43,"INFO599",699.00
600,600,"CODE600","USER600",44,"INFO600",700.00
601,601,"CODE601","USER601",45,"INFO601",701.00
602,602,"CODE602","USER602",46,"INFO602",702.00
603,603,"CODE603","USER603",47,"INFO603",703.00
604,604,"CODE604","USER604",48,"INFO604",704.00
605,605,"CODE605","USER605",49,"INFO605",705.00
606,606,"CODE606","USER606",50,"INFO606",706.00
607,607,"CODE607","USER607",51,"INFO607",707.00
608,608,"CODE608","USER608",52,"INFO608",708.00
609,609,"CODE609","USER609",53,"INFO609",709.00
610,610,"CODE610","USER610",54,"INFO610",710.00
611,611,"CODE611","USER611",55,"INFO611",711.00
612,612,"CODE612","USER612",56,"INFO612",712.00
613,613,"CODE613","USER613",57,"INFO613",713.00
614,614,"CODE614","USER614",58,"INFO614",714.00
615,615,"CODE615","USER615",59,"INFO615",715.00
616,616,"CODE616","USER616",60,"INFO616",716.00
617,617,"CODE617","USER617",61,"INFO617",717.00
618,618,"CODE618","USER618",62,"INFO618",718.00
619,619,"CODE619","USER619",63,"INFO619",719.00
620,620,"CODE620","USER620",64,"INFO620",720.00
621,621,"CODE621","USER621",65,"INFO621",721.00
622,622,"CODE622","USER622",66,"INFO622",722.00
623,623,"CODE623","USER623",67,"INFO623",723.00
624,624,"CODE624","USER624",68,"INFO624",724.00
625,625,"CODE625","USER625",69,"INFO625",725.00
626,626,"CODE626","USER626",70,"INFO626",726.00
627,627,"CODE627","USER627",71,"INFO627",727.00
628,628,"CODE628","USER628",72,"INFO628",728.00
629,629,"CODE629","USER629",73,"INFO629",729.00
630,630,"CODE630","USER630",74,"INFO630",730.00
631,631,"CODE631","USER631",75,"INFO631",731.00
632,632,"CODE632","USER632",76,"INFO632",732.00
633,633,"CODE633","USER633",77,"INFO633",733.00
634,634,"CODE634","USER634",78,"INFO634",734.00
635,635,"CODE635","USER635",79,"INFO635",735.00
636,636,"CODE636","USER636",80,"INFO636",736.00
637,637,"CODE637","USER637",81,"INFO637",737.00
638,638,"CODE638","USER638",82,"INFO638",738.00
639,639,"CODE639","USER639",83,"INFO639",739.00
640,640,"CODE640","USER640",84,"INFO640",740.00
641,641,"CODE641","USER641",85,"INFO641",741.00
642,642,"CODE642","USER642",86,"INFO642",742.00
643,643,"CODE643","USER643",87,"INFO643",743.00
644,644,"CODE644","USER644",88,"INFO644",744.00
645,645,"CODE645","USER645",89,"INFO645",745.00
646,646,"CODE646","USER646",90,"INFO646",746.00
647,647,"CODE647","USER647",91,"INFO647",747.00
648,648,"CODE648","USER648",92,"INFO648",748.00
649,649,"CODE649","USER649",93,"INFO649",749.00
650,650,"CODE650","USER650",94,"INFO650",750.00
651,651,"CODE651","USER651",95,"INFO651",751.00
652,652,"CODE652","USER652",96,"INFO652",752.00
653,653,"CODE653","USER653",97,"INFO653",753.00
654,654,"CODE654","USER654",98,"INFO654",754.00
655,655,"CODE655","USER655",99,"INFO655",755.00
656,656,"CODE656","USER656",18,"INFO656",756.00
657,657,"CODE657","USER657",19,"INFO657",757.00
658,658,"CODE658","USER658",20,"INFO658",758.00
659,659,"CODE659","USER659",21,"INFO659",759.00
660,660,"CODE660","USER660",22,"INFO660",760.00
661,661,"CODE661","USER661",23,"INFO661",761.00
662,662,"CODE662","USER662",24,"INFO662",762.00
663,663,"CODE663","USER663",25,"INFO663",763.00
664,664,"CODE664","USER664",26,"INFO664",764.00
665,665,"CODE665","USER665",27,"INFO665",765.00
666,666,"CODE666","USER666",28,"INFO666",766.00
667,667,"CODE667","USER667",29,"INFO667",767.00
668,668,"CODE668","USER668",30,"INFO668",768.00
669,669,"CODE669","USER669",31,"INFO669",769.00
670,670,"CODE670","USER670",32,"INFO670",770.00
671,671,"CODE671","USER671",33,"INFO671",771.00
672,672,"CODE672","USER672",34,"INFO672",772.00
673,673,"CODE673","USER673",35,"INFO673",773.00
674,674,"CODE674","USER674",36,"INFO674",774.00
675,675,"CODE675","USER675",37,"INFO675",775.00
676,676,"CODE676","USER676",38,"INFO676",776.00
677,677,"CODE677","USER677",39,"INFO677",777.00
678,678,"CODE678","USER678",40,"INFO678",778.00
679,679,"CODE679","USER679",41,"INFO679",779.00
680,680,"CODE680","USER680",42,"INFO680",780.00
681,681,"CODE681","USER681",43,"INFO681",781.00
682,682,"CODE682","USER682",44,"INFO682",782.00
683,683,"CODE683","USER683",45,"INFO683",783.00
684,684,"CODE684","USER684",46,"INFO684",784.00
685,685,"CODE685","USER685",47,"INFO685",785.00
686,686,"CODE686","USER686",48,"INFO686",786.00
687,687,"CODE687","USER687",49,"INFO687",787.00
688,688,"CODE688","USER688",50,"INFO688",788.00
689,689,"CODE689","USER689",51,"INFO689",789.00
690,690,"CODE690","USER690",52,"INFO690",790.00
691,691,"CODE691","USER691",53,"INFO691",791.00
692,692,"CODE692","USER692",54,"INFO692",792.00
693,693,"CODE693","USER693",55,"INFO693",793.00
694,694,"CODE694","USER694",56,"INFO694",794.00
695,695,"CODE695","USER695",57,"INFO695",795.00
696,696,"CODE696","USER696",58,"INFO696",796.00
697,697,"CODE697","USER697",59,"INFO697",797.00
698,698,"CODE698","USER698",60,"INFO698",798.00
699,699,"CODE699","USER699",61,"INFO699",799.00
700,700,"CODE700","USER700",62,"INFO700",800.00
701,701,"CODE701","USER701",63,"INFO701",801.00
702,702,"CODE702","USER702",64,"INFO702",802.00
703,703,"CODE703","USER703",65,"INFO703",803.00
704,704,"CODE704","USER704",66,"INFO704",804.00
705,705,"CODE705","USER705",67,"INFO705",805.00
706,706,"CODE706","USER706",68,"INFO706",806.00
707,707,"CODE707","USER707",69,"INFO707",807.00
708,708,"CODE708","USER708",70,"INFO708",808.00
709,709,"CODE709","USER709",71,"INFO709",809.00
710,710,"CODE710","USER710",72,"INFO710",810.00
711,711,"CODE711","USER711",73,"INFO711",811.00
712,712,"CODE712","USER712",74,"INFO712",812.00
713,713,"CODE713","USER713",75,"INFO713",813.00
714,714,"CODE714","USER714",76,"INFO714",814.00
715,715,"CODE715","USER715",77,"INFO715",815.00
716,716,"CODE716","USER716",78,"INFO716",816.00
717,717,"CODE717","USER717",79,"INFO717",817.00
718,718,"CODE718","USER718",80,"INFO718",818.00
719,719,"CODE719","USER719",81,"INFO719",819.00
720,720,"CODE720","USER720",82,"INFO720",820.00
721,721,"CODE721","USER721",83,"INFO721",821.00
722,722,"CODE722","USER722",84,"INFO722",822.00
723,723,"CODE723","USER723",85,"INFO723",823.00
724,724,"CODE724","USER724",86,"INFO724",824.00
725,725,"CODE725","USER725",87,"INFO725",825.00
726,726,"CODE726","USER726",88,"INFO726",826.00
727,727,"CODE727","USER727",89,"INFO727",827.00
728,728,"CODE728","USER728",90,"INFO728",828.00
729,729,"CODE729","USER729",91,"INFO729",829.00
730,730,"CODE730","USER730",92,"INFO730",830.00
731,731,"CODE731","USER731",93,"INFO731",831.00
732,732,"CODE732","USER732",94,"INFO732",832.00
733,733,"CODE733","USER733",95,"INFO733",833.00
734,734,"CODE734","USER734",96,"INFO734",834.00
735,735,"CODE735","USER735",97,"INFO735",835.00
736,736,"CODE736","USER736",98,"INFO736",836.00
737,737,"CODE737","USER737",99,"INFO737",837.00
738,738,"CODE738","USER738",18,"INFO738",838.00
739,739,"CODE739","USER739",19,"INFO739",839.00
740,740,"CODE740","USER740",20,"INFO740",840.00
741,741,"CODE741","USER741",21,"INFO741",841.00
742,742,"CODE742","USER742",22,"INFO742",842.00
743,743,"CODE743","USER743",23,"INFO743",843.00
744,744,"CODE744","USER744",24,"INFO744",844.00
745,745,"CODE745","USER745",25,"INFO745",845.00
746,746,"CODE746","USER746",26,"INFO746",846.00
747,747,"CODE747","USER747",27,"INFO747",847.00
748,748,"CODE748","USER748",28,"INFO748",848.00
749,749,"CODE749","USER749",29,"INFO749",849.00
750,750,"CODE750","USER750",30,"INFO750",850.00
751,751,"CODE751","USER751",31,"INFO751",851.00
752,752,"CODE752","USER752",32,"INFO752",852.00
753,753,"CODE753","USER753",33,"INFO753",853.00
754,754,"CODE754","USER754",34,"INFO754",854.00
755,755,"CODE755","USER755",35,"INFO755",855.00
756,756,"CODE756","USER756",36,"INFO756",856.00
757,757,"CODE757","USER757",37,"INFO757",857.00
758,758,"CODE758","USER758",38,"INFO758",858.00
759,759,"CODE759","USER759",39,"INFO759",859.00
760,760,"CODE760","USER760",40,"INFO760",860.00
761,761,"CODE761","USER761",41,"INFO761",861.00
762,762,"CODE762","USER762",42,"INFO762",862.00
763,763,"CODE763","USER763",43,"INFO763",863.00
764,764,"CODE764","USER764",44,"INFO764",864.00
765,765,"CODE765","USER765",45,"INFO765",865.00
766,766,"CODE766","USER766",46,"INFO766",866.00
767,767,"CODE767","USER767",47,"INFO767",867.00
768,768,"CODE768","USER768",48,"INFO768",868.00
769,769,"CODE769","USER769",49,"INFO769",869.00
770,770,"CODE770","USER770",50,"INFO770",870.00
771,771,"CODE771","USER771",51,"INFO771",871.00
772,772,"CODE772","USER772",52,"INFO772",872.00
773,773,"CODE773","USER773",53,"INFO773",873.00
774,774,"CODE774","USER774",54,"INFO774",874.00
775,775,"CODE775","USER775",55,"INFO775",875.00
776,776,"CODE776","USER776",56,"INFO776",876.00
777,777,"CODE777","USER777",57,"INFO777",877.00
778,778,"CODE778","USER778",58,"INFO778",878.00
779,779,"CODE779","USER779",59,"INFO779",879.00
780,780,"CODE780","USER780",60,"INFO780",880.00
781,781,"CODE781","USER781",61,"INFO781",881.00
782,782,"CODE782","USER782",62,"INFO782",882.00
783,783,"CODE783","USER783",63,"INFO783",883.00
784,784,"CODE784","USER784",64,"INFO784",884.00
785,785,"CODE785","USER785",65,"INFO785",885.00
786,786,"CODE786","USER786",66,"INFO786",886.00
787,787,"CODE787","USER787",67,"INFO787",887.00
788,788,"CODE788","USER788",68,"INFO788",888.00
789,789,"CODE789","USER789",69,"INFO789",889.00
790,790,"CODE790","USER790",70,"INFO790",890.00
791,791,"CODE791","USER791",71,"INFO791",891.00
792,792,"CODE792","USER792",72,"INFO792",892.00
793,793,"CODE793","USER793",73,"INFO793",893.00
794,794,"CODE794","USER794",74,"INFO794",894.00
795,795,"CODE795","USER795",75,"INFO795",895.00
796,796,"CODE796","USER796",76,"INFO796",896.00
797,797,"CODE797","USER797",77,"INFO797",897.00
798,798,"CODE798","USER798",78,"INFO798",898.00
799,799,"CODE799","USER799",79,"INFO799",899.00
800,800,"CODE800","USER800",80,"INFO800",900.00
801,801,"CODE801","USER801",81,"INFO801",901.00
802,802,"CODE802","USER802",82,"INFO802",902.00
803,803,"CODE803","USER803",83,"INFO803",903.00
804,804,"CODE804","USER804",84,"INFO804",904.00
805,805,"CODE805","USER805",85,"INFO805",905.00
806,806,"CODE806","USER806",86,"INFO806",906.00
807,807,"CODE807","USER807",87,"INFO807",907.00
808,808,"CODE808","USER808",88,"INFO808",908.00
809,809,"CODE809","USER809",89,"INFO809",909.00
810,810,"CODE810","USER810",90,"INFO810",910.00
811,811,"CODE811","USER811",91,"INFO811",911.00
812,812,"CODE812","USER812",92,"INFO812",912.00
813,813,"CODE813","USER813",93,"INFO813",913.00
814,814,"CODE814","USER814",94,"INFO814",914.00
815,815,"CODE815","USER815",95,"INFO815",915.00
816,816,"CODE816","USER816",96,"INFO816",916.00
817,817,"CODE817","USER817",97,"INFO817",917.00
818,818,"CODE818","USER818",98,"INFO818",918.00
819,819,"CODE819","USER819",99,"INFO819",919.00
820,820,"CODE820","USER820",18,"INFO820",920.00
821,821,"CODE821","USER821",19,"INFO821",921.00
822,822,"CODE822","USER822",20,"INFO822",922.00
823,823,"CODE823","USER823",21,"INFO823",923.00
824,824,"CODE824","USER824",22,"INFO824",924.00
825,825,"CODE825","USER825",23,"INFO825",925.00
826,826,"CODE826","USER826",24,"INFO826",926.00
827,827,"CODE827","USER827",25,"INFO827",927.00
828,828,"CODE828","USER828",26,"INFO828",928.00
829,829,"CODE829","USER829",27,"INFO829",929.00
830,830,"CODE830","USER830",28,"INFO830",930.00
831,831,"CODE831","USER831",29,"INFO831",931.00
832,832,"CODE832","USER832",30,"INFO832",932.00
833,833,"CODE833","USER833",31,"INFO833",933.00
834,834,"CODE834","USER834",32,"INFO834",934.00
835,835,"CODE835","USER835",33,"INFO835",935.00
836,836,"CODE836","USER836",34,"INFO836",936.00
837,837,"CODE837","USER837",35,"INFO837",937.00
838,838,"CODE838","USER838",36,"INFO838",938.00
839,839,"CODE839","USER839",37,"INFO839",939.00
840,840,"CODE840","USER840",38,"INFO840",940.00
841,841,"CODE841","USER841",39,"INFO841",941.00
842,842,"CODE842","USER842",40,"INFO842",942.00
843,843,"CODE843","USER843",41,"INFO843",943.00
844,844,"CODE844","USER844",42,"INFO844",944.00
845,845,"CODE845","USER845",43,"INFO845",945.00
846,846,"CODE846","USER846",44,"INFO846",946.00
847,847,"CODE847","USER847",45,"INFO847",947.00
848,848,"CODE848","USER848",46,"INFO848",948.00
849,849,"CODE849","USER849",47,"INFO849",949.00
850,850,"CODE850","USER850",48,"INFO850",950.00
851,851,"CODE851","USER851",49,"INFO851",951.00
852,852,"CODE852","USER852",50,"INFO852",952.00
853,853,"CODE853","USER853",51,"INFO853",953.00
854,854,"CODE854","USER854",52,"INFO854",954.00
855,855,"CODE855","USER855",53,"INFO855",955.00
856,856,"CODE856","USER856",54,"INFO856",956.00
857,857,"CODE857","USER857",55,"INFO857",957.00
858,858,"CODE858","USER858",56,"INFO858",958.00
859,859,"CODE859","USER859",57,"INFO859",959.00
860,860,"CODE860","USER860",58,"INFO860",960.00
861,861,"CODE861","USER861",59,"INFO861",961.00
862,862,"CODE862","USER862",60,"INFO862",962.00
863,863,"CODE863","USER863",61,"INFO863",963.00
864,864,"CODE864","USER864",62,"INFO864",964.00
865,865,"CODE865","USER865",63,"INFO865",965.00
866,866,"CODE866","USER866",64,"INFO866",966.00
867,867,"CODE867","USER867",65,"INFO867",967.00
868,868,"CODE868","USER868",66,"INFO868",968.00
869,869,"CODE869","USER869",67,"INFO869",969.00
870,870,"CODE870","USER870",68,"INFO870",970.00
871,871,"CODE871","USER871",69,"INFO871",971.00
872,872,"CODE872","USER872",70,"INFO872",972.00
873,873,"CODE873","USER873",71,"INFO873",973.00
874,874,"CODE874","USER874",72,"INFO874",974.00
875,875,"CODE875","USER875",73,"INFO875",975.00
876,876,"CODE876","USER876",74,"INFO876",976.00
877,877,"CODE877","USER877",75,"INFO877",977.00
878,878,"CODE878","USER878",76,"INFO878",978.00
879,879,"CODE879","USER879",77,"INFO879",979.00
880,880,"CODE880","USER880",78,"INFO880",980.00
881,881,"CODE881","USER881",79,"INFO881",981.00
882,882,"CODE882","USER882",80,"INFO882",982.00
883,883,"CODE883","USER883",81,"INFO883",983.00
884,884,"CODE884","USER884",82,"INFO884",984.00
885,885,"CODE885","USER885",83,"INFO885",985.00
886,886,"CODE886","USER886",84,"INFO886",986.00
887,887,"CODE887","USER887",85,"INFO887",987.00
888,888,"CODE888","USER888",86,"INFO888",988.00
889,889,"CODE889","USER889",87,"INFO889",989.00
890,890,"CODE890","USER890",88,"INFO890",990.00
891,891,"CODE891","USER891",89,"INFO891",991.00
892,892,"CODE892","USER892",90,"INFO892",992.00
893,893,"CODE893","USER893",91,"INFO893",993.00
894,894,"CODE894","USER894",92,"INFO894",994.00
895,895,"CODE895","USER895",93,"INFO895",995.00
896,896,"CODE896","USER896",94,"INFO896",996.00
897,897,"CODE897","USER897",95,"INFO897",997.00
898,898,"CODE898","USER898",96,"INFO898",998.00
899,899,"CODE899","USER899",97,"INFO899",999.00
900,900,"CODE900","USER900",98,"INFO900",1000.00
901,901,"CODE901","USER901",99,"INFO901",1001.00
902,902,"CODE902","USER902",18,"INFO902",1002.00
903,903,"CODE903","USER903",19,"INFO903",1003.00
904,904,"CODE904","USER904",20,"INFO904",1004.00
905,905,"CODE905","USER905",21,"INFO905",1005.00
906,906,"CODE906","USER906",22,"INFO906",1006.00
907,907,"CODE907","USER907",23,"INFO907",1007.00
908,908,"CODE908","USER908",24,"INFO908",1008.00
909,909,"CODE909","USER909",25,"INFO909",1009.00
910,910,"CODE910","USER910",26,"INFO910",1010.00
911,911,"CODE911","USER911",27,"INFO911",1011.00
912,912,"CODE912","USER912",28,"INFO912",1012.00
913,913,"CODE913","USER913",29,"INFO913",1013.00
914,914,"CODE914","USER914",30,"INFO914",1014.00
915,915,"CODE915","USER915",31,"INFO915",1015.00
916,916,"CODE916","USER916",32,"INFO916",1016.00
917,917,"CODE917","USER917",33,"INFO917",1017.00
918,918,"CODE918","USER918",34,"INFO918",1018.00
919,919,"CODE919","USER919",35,"INFO919",1019.00
920,920,"CODE920","USER920",36,"INFO920",1020.00
921,921,"CODE921","USER921",37,"INFO921",1021.00
922,922,"CODE922","USER922",38,"INFO922",1022.00
923,923,"CODE923","USER923",39,"INFO923",1023.00
924,924,"CODE924","USER924",40,"INFO924",1024.00
925,925,"CODE925","USER925",41,"INFO925",1025.00
926,926,"CODE926","USER926",42,"INFO926",1026.00
927,927,"CODE927","USER927",43,"INFO927",1027.00
928,928,"CODE928","USER928",44,"INFO928",1028.00
929,929,"CODE929","USER929",45,"INFO929",1029.00
930,930,"CODE930","USER930",46,"INFO930",1030.00
931,931,"CODE931","USER931",47,"INFO931",1031.00
932,932,"CODE932","USER932",48,"INFO932",1032.00
933,933,"CODE933","USER933",49,"INFO933",1033.00
934,934,"CODE934","USER934",50,"INFO934",1034.00
935,935,"CODE935","USER935",51,"INFO935",1035.00
936,936,"CODE936","USER936",52,"INFO936",1036.00
937,937,"CODE937","USER937",53,"INFO937",1037.00
938,938,"CODE938","USER938",54,"INFO938",1038.00
939,939,"CODE939","USER939",55,"INFO939",1039.00
940,940,"CODE940","USER940",56,"INFO940",1040.00
941,941,"CODE941","USER941",57,"INFO941",1041.00
942,942,"CODE942","USER942",58,"INFO942",1042.00
943,943,"CODE943","USER943",59,"INFO943",1043.00
944,944,"CODE944","USER944",60,"INFO944",1044.00
945,945,"CODE945","USER945",61,"INFO945",1045.00
946,946,"CODE946","USER946",62,"INFO946",1046.00
947,947,"CODE947","USER947",63,"INFO947",1047.00
948,948,"CODE948","USER948",64,"INFO948",1048.00
949,949,"CODE949","USER949",65,"INFO949",1049.00
950,950,"CODE950","USER950",66,"INFO950",1050.00
951,951,"CODE951","USER951",67,"INFO951",1051.00
952,952,"CODE952","USER952",68,"INFO952",1052.00
953,953,"CODE953","USER953",69,"INFO953",1053.00
954,954,"CODE954","USER954",70,"INFO954",1054.00
955,955,"CODE955","USER955",71,"INFO955",1055.00
956,956,"CODE956","USER956",72,"INFO956",1056.00
957,957,"CODE957","USER957",73,"INFO957",1057.00
958,958,"CODE958","USER958",74,"INFO958",1058.00
959,959,"CODE959","USER959",75,"INFO959",1059.00
960,960,"CODE960","USER960",76,"INFO960",1060.00
961,961,"CODE961","USER961",77,"INFO961",1061.00
962,962,"CODE962","USER962",78,"INFO962",1062.00
963,963,"CODE963","USER963",79,"INFO963",1063.00
964,964,"CODE964","USER964",80,"INFO964",1064.00
965,965,"CODE965","USER965",81,"INFO965",1065.00
966,966,"CODE966","USER966",82,"INFO966",1066.00
967,967,"CODE967","USER967",83,"INFO967",1067.00
968,968,"CODE968","USER968",84,"INFO968",1068.00
969,969,"CODE969","USER969",85,"INFO969",1069.00
970,970,"CODE970","USER970",86,"INFO970",1070.00
971,971,"CODE971","USER971",87,"INFO971",1071.00
972,972,"CODE972","USER972",88,"INFO972",1072.00
973,973,"CODE973","USER973",89,"INFO973",1073.00
974,974,"CODE974","USER974",90,"INFO974",1074.00
975,975,"CODE975","USER975",91,"INFO975",1075.00
976,976,"CODE976","USER976",92,"INFO976",1076.00
977,977,"CODE977","USER977",93,"INFO977",1077.00
978,978,"CODE978","USER978",94,"INFO978",1078.00
979,979,"CODE979","USER979",95,"INFO979",1079.00
980,980,"CODE980","USER980",96,"INFO980",1080.00
981,981,"CODE981","USER981",97,"INFO981",1081.00
982,982,"CODE982","USER982",98,"INFO982",1082.00
983,983,"CODE983","USER983",99,"INFO983",1083.00
984,984,"CODE984","USER984",18,"INFO984",1084.00
985,985,"CODE985","USER985",19,"INFO985",1085.00
986,986,"CODE986","USER986",20,"INFO986",1086.00
987,987,"CODE987","USER987",21,"INFO987",1087.00
988,988,"CODE988","USER988",22,"INFO988",1088.00
989,989,"CODE989","USER989",23,"INFO989",1089.00
990,990,"CODE990","USER990",24,"INFO990",1090.00
991,991,"CODE991","USER991",25,"INFO991",1091.00
992,992,"CODE992","USER992",26,"INFO992",1092.00
993,993,"CODE993","USER993",27,"INFO993",1093.00
994,994,"CODE994","USER994",28,"INFO994",1094.00
995,995,"CODE995","USER995",29,"INFO995",1095.00
996,996,"CODE996","USER996",30,"INFO996",1096.00
997,997,"CODE997","USER997",31,"INFO997",1097.00
998,998,"CODE998","USER998",32,"INFO998",1098.00
999,999,"CODE999","USER999",33,"INFO999",1099.00
1000,1000,"CODE1000","USER1000",34,"INFO1000",1100.00
